,iso_code,continent,location,date,total_cases,new_cases,total_deaths,new_deaths
246374,WRL ,WRL,World,2020-06-27,9969756.0,176397.0,539143.0,4736.0
246585,WRL ,WRL,World,2021-01-24,99559041.0,461948.0,2222677.0,9758.0
246226,WRL ,WRL,World,2020-01-31,9927.0,1690.0,214.0,42.0
246584,WRL ,WRL,World,2021-01-23,99097093.0,576688.0,2212919.0,14565.0
246583,WRL ,WRL,World,2021-01-22,98520405.0,663539.0,2198354.0,16070.0
246260,WRL ,WRL,World,2020-03-05,98078.0,2740.0,3355.0,95.0
246373,WRL ,WRL,World,2020-06-26,9793359.0,192473.0,534407.0,5083.0
246582,WRL ,WRL,World,2021-01-21,97856866.0,668753.0,2182284.0,17333.0
246581,WRL ,WRL,World,2021-01-20,97188113.0,687207.0,2164951.0,17733.0
246580,WRL ,WRL,World,2021-01-19,96500906.0,592735.0,2147218.0,15709.0
246372,WRL ,WRL,World,2020-06-25,9600886.0,179510.0,529324.0,5110.0
246579,WRL ,WRL,World,2021-01-18,95908171.0,517227.0,2131509.0,10446.0
246287,WRL ,WRL,World,2020-04-01,955580.0,86323.0,53859.0,6644.0
246578,WRL ,WRL,World,2021-01-17,95390945.0,527568.0,2121063.0,9835.0
246259,WRL ,WRL,World,2020-03-04,95338.0,2344.0,3260.0,96.0
246577,WRL ,WRL,World,2021-01-16,94863377.0,656873.0,2111228.0,14034.0
246219,WRL ,WRL,World,2020-01-24,944.0,287.0,26.0,8.0
246371,WRL ,WRL,World,2020-06-24,9421376.0,171466.0,524214.0,5529.0
246576,WRL ,WRL,World,2021-01-15,94206504.0,783853.0,2097194.0,15719.0
246575,WRL ,WRL,World,2021-01-14,93422651.0,759056.0,2081475.0,15715.0
246258,WRL ,WRL,World,2020-03-03,92994.0,2612.0,3164.0,74.0
246574,WRL ,WRL,World,2021-01-13,92663595.0,743299.0,2065760.0,16483.0
246370,WRL ,WRL,World,2020-06-23,9249910.0,168184.0,518716.0,5568.0
246573,WRL ,WRL,World,2021-01-12,91920296.0,692504.0,2049277.0,16986.0
246572,WRL ,WRL,World,2021-01-11,91227792.0,614413.0,2032291.0,10285.0
246369,WRL ,WRL,World,2020-06-22,9081729.0,142336.0,513148.0,3867.0
246571,WRL ,WRL,World,2021-01-10,90613379.0,601501.0,2022006.0,9555.0
246257,WRL ,WRL,World,2020-03-02,90382.0,1980.0,3090.0,90.0
246570,WRL ,WRL,World,2021-01-09,90011878.0,756256.0,2012451.0,13356.0
246368,WRL ,WRL,World,2020-06-21,8939394.0,112857.0,509281.0,4644.0
246569,WRL ,WRL,World,2021-01-08,89255622.0,835444.0,1999095.0,15213.0
246367,WRL ,WRL,World,2020-06-20,8846333.0,185879.0,504638.0,4482.0
246568,WRL ,WRL,World,2021-01-07,88420178.0,869977.0,1983882.0,14965.0
246256,WRL ,WRL,World,2020-03-01,88402.0,2379.0,3000.0,54.0
246567,WRL ,WRL,World,2021-01-06,87550202.0,790944.0,1968917.0,14922.0
246286,WRL ,WRL,World,2020-03-31,869257.0,78439.0,47215.0,5168.0
246566,WRL ,WRL,World,2021-01-05,86759258.0,740842.0,1953995.0,15415.0
246366,WRL ,WRL,World,2020-06-19,8660454.0,181132.0,500156.0,5182.0
246255,WRL ,WRL,World,2020-02-29,86023.0,1871.0,2946.0,70.0
246565,WRL ,WRL,World,2021-01-04,86018416.0,557399.0,1938580.0,9950.0
246564,WRL ,WRL,World,2021-01-03,85461017.0,520258.0,1928630.0,7965.0
246563,WRL ,WRL,World,2021-01-02,84940759.0,604323.0,1920665.0,9389.0
246365,WRL ,WRL,World,2020-06-18,8479470.0,143096.0,493795.0,5355.0
246562,WRL ,WRL,World,2021-01-01,84336436.0,563661.0,1911276.0,9605.0
246254,WRL ,WRL,World,2020-02-28,84152.0,1424.0,2876.0,59.0
246561,WRL ,WRL,World,2020-12-31,83772775.0,839727.0,1901671.0,13495.0
246364,WRL ,WRL,World,2020-06-17,8336374.0,143202.0,488440.0,5477.0
246560,WRL ,WRL,World,2020-12-30,82933048.0,725250.0,1888176.0,15418.0
246253,WRL ,WRL,World,2020-02-27,82728.0,1344.0,2817.0,43.0
246225,WRL ,WRL,World,2020-01-30,8237.0,2068.0,172.0,39.0
246559,WRL ,WRL,World,2020-12-29,82207798.0,671812.0,1872758.0,14973.0
246363,WRL ,WRL,World,2020-06-16,8193172.0,143910.0,482963.0,7119.0
246558,WRL ,WRL,World,2020-12-28,81535986.0,499174.0,1857785.0,9556.0
246252,WRL ,WRL,World,2020-02-26,81384.0,973.0,2774.0,61.0
246557,WRL ,WRL,World,2020-12-27,81036812.0,413133.0,1848240.0,8118.0
246556,WRL ,WRL,World,2020-12-26,80623679.0,532588.0,1840122.0,8353.0
246362,WRL ,WRL,World,2020-06-15,8049262.0,124922.0,475844.0,4067.0
246251,WRL ,WRL,World,2020-02-25,80412.0,854.0,2713.0,80.0
246555,WRL ,WRL,World,2020-12-25,80091091.0,493149.0,1831769.0,8618.0
246554,WRL ,WRL,World,2020-12-24,79597942.0,693318.0,1823151.0,12205.0
246250,WRL ,WRL,World,2020-02-24,79558.0,568.0,2633.0,160.0
246361,WRL ,WRL,World,2020-06-14,7924340.0,131945.0,471777.0,3782.0
246285,WRL ,WRL,World,2020-03-30,790818.0,65003.0,42047.0,4368.0
246249,WRL ,WRL,World,2020-02-23,78990.0,382.0,2473.0,11.0
246553,WRL ,WRL,World,2020-12-23,78904624.0,682027.0,1810946.0,13747.0
246248,WRL ,WRL,World,2020-02-22,78608.0,1762.0,2462.0,208.0
246552,WRL ,WRL,World,2020-12-22,78222597.0,651350.0,1797199.0,13876.0
246360,WRL ,WRL,World,2020-06-13,7792395.0,133901.0,467995.0,4392.0
246551,WRL ,WRL,World,2020-12-21,77571247.0,546260.0,1783323.0,9486.0
246550,WRL ,WRL,World,2020-12-20,77024987.0,547173.0,1773837.0,8374.0
246247,WRL ,WRL,World,2020-02-21,76846.0,630.0,2254.0,4.0
246359,WRL ,WRL,World,2020-06-12,7658494.0,127473.0,463604.0,4744.0
246549,WRL ,WRL,World,2020-12-19,76477814.0,635358.0,1765463.0,11256.0
246246,WRL ,WRL,World,2020-02-20,76216.0,561.0,2250.0,125.0
246548,WRL ,WRL,World,2020-12-18,75842456.0,721349.0,1754207.0,13039.0
246245,WRL ,WRL,World,2020-02-19,75655.0,500.0,2125.0,115.0
246358,WRL ,WRL,World,2020-06-11,7531021.0,136192.0,458860.0,5142.0
246244,WRL ,WRL,World,2020-02-18,75155.0,1882.0,2010.0,140.0
246547,WRL ,WRL,World,2020-12-17,75121107.0,738596.0,1741168.0,13171.0
246546,WRL ,WRL,World,2020-12-16,74382511.0,717498.0,1727997.0,13924.0
246357,WRL ,WRL,World,2020-06-10,7394829.0,137190.0,453720.0,5428.0
246545,WRL ,WRL,World,2020-12-15,73665047.0,648514.0,1714073.0,13226.0
246243,WRL ,WRL,World,2020-02-17,73273.0,2035.0,1870.0,98.0
246544,WRL ,WRL,World,2020-12-14,73016533.0,551157.0,1700847.0,9193.0
246284,WRL ,WRL,World,2020-03-29,725815.0,56503.0,37679.0,3819.0
246356,WRL ,WRL,World,2020-06-09,7257639.0,125996.0,448292.0,5045.0
246543,WRL ,WRL,World,2020-12-13,72465376.0,538700.0,1691654.0,8257.0
246542,WRL ,WRL,World,2020-12-12,71926676.0,648586.0,1683397.0,10829.0
246355,WRL ,WRL,World,2020-06-08,7131643.0,103051.0,443247.0,4455.0
246541,WRL ,WRL,World,2020-12-11,71278090.0,705684.0,1672568.0,13185.0
246242,WRL ,WRL,World,2020-02-16,71238.0,2183.0,1772.0,104.0
246540,WRL ,WRL,World,2020-12-10,70572406.0,672113.0,1659383.0,12420.0
246354,WRL ,WRL,World,2020-06-07,7028592.0,111011.0,438792.0,3257.0
246353,WRL ,WRL,World,2020-06-06,6917581.0,129331.0,435535.0,4140.0
246539,WRL ,WRL,World,2020-12-09,69077070.0,665290.0,1646963.0,12557.0
246241,WRL ,WRL,World,2020-02-15,69055.0,2143.0,1668.0,143.0
246538,WRL ,WRL,World,2020-12-08,68411780.0,630526.0,1634406.0,12038.0
246352,WRL ,WRL,World,2020-06-05,6788250.0,133562.0,431395.0,5057.0
246537,WRL ,WRL,World,2020-12-07,67781254.0,534946.0,1622370.0,8844.0
246536,WRL ,WRL,World,2020-12-06,67246308.0,543831.0,1613526.0,8093.0
246283,WRL ,WRL,World,2020-03-28,669312.0,69564.0,33860.0,4049.0
246240,WRL ,WRL,World,2020-02-14,66912.0,6528.0,1525.0,152.0
246535,WRL ,WRL,World,2020-12-05,66702477.0,642229.0,1605433.0,10601.0
247306,WRL ,WRL,World,2023-01-15,666879519.0,195295.0,6723297.0,814.0
247305,WRL ,WRL,World,2023-01-14,666684224.0,220748.0,6722483.0,899.0
247304,WRL ,WRL,World,2023-01-13,666463476.0,440030.0,6721584.0,2860.0
247303,WRL ,WRL,World,2023-01-12,666023446.0,475419.0,6718724.0,4174.0
247302,WRL ,WRL,World,2023-01-11,665548027.0,504602.0,6714551.0,3138.0
246351,WRL ,WRL,World,2020-06-04,6654688.0,138326.0,426338.0,5527.0
247301,WRL ,WRL,World,2023-01-10,665043425.0,422251.0,6711413.0,3321.0
247300,WRL ,WRL,World,2023-01-09,664621439.0,361255.0,6708173.0,2061.0
247299,WRL ,WRL,World,2023-01-08,664260184.0,318273.0,6706188.0,866.0
247298,WRL ,WRL,World,2023-01-07,663941911.0,360290.0,6705322.0,825.0
247297,WRL ,WRL,World,2023-01-06,663581621.0,717865.0,6704497.0,3000.0
247296,WRL ,WRL,World,2023-01-05,662863756.0,734105.0,6701497.0,3576.0
247295,WRL ,WRL,World,2023-01-04,662129651.0,569404.0,6698003.0,2777.0
247294,WRL ,WRL,World,2023-01-03,661561276.0,458746.0,6695226.0,2090.0
247293,WRL ,WRL,World,2023-01-02,661102530.0,420719.0,6693136.0,1285.0
247292,WRL ,WRL,World,2023-01-01,660681811.0,312774.0,6691851.0,843.0
246534,WRL ,WRL,World,2020-12-04,66060248.0,696324.0,1594832.0,12470.0
247291,WRL ,WRL,World,2022-12-31,660369037.0,265710.0,6691008.0,733.0
247290,WRL ,WRL,World,2022-12-30,660103327.0,579680.0,6690275.0,2254.0
247289,WRL ,WRL,World,2022-12-29,659523647.0,670179.0,6688021.0,2793.0
247288,WRL ,WRL,World,2022-12-28,658853468.0,636538.0,6685234.0,2662.0
247287,WRL ,WRL,World,2022-12-27,658216930.0,652486.0,6682572.0,1954.0
247286,WRL ,WRL,World,2022-12-26,657564444.0,449994.0,6680618.0,974.0
247285,WRL ,WRL,World,2022-12-25,657047349.0,251615.0,6679644.0,731.0
246218,WRL ,WRL,World,2020-01-23,657.0,100.0,18.0,1.0
247284,WRL ,WRL,World,2022-12-24,656861020.0,345066.0,6678913.0,842.0
247283,WRL ,WRL,World,2022-12-23,656515954.0,640162.0,6678071.0,2563.0
247282,WRL ,WRL,World,2022-12-22,655875792.0,759457.0,6675508.0,2561.0
247281,WRL ,WRL,World,2022-12-21,655116335.0,713647.0,6672947.0,2476.0
247280,WRL ,WRL,World,2022-12-20,654402688.0,712820.0,6670471.0,2132.0
247279,WRL ,WRL,World,2022-12-19,653689868.0,581242.0,6668339.0,1742.0
246533,WRL ,WRL,World,2020-12-03,65363924.0,690577.0,1582362.0,12709.0
247278,WRL ,WRL,World,2022-12-18,653108626.0,283457.0,6666597.0,734.0
247277,WRL ,WRL,World,2022-12-17,652825169.0,300260.0,6665863.0,763.0
247276,WRL ,WRL,World,2022-12-16,652524909.0,731530.0,6665100.0,2654.0
247275,WRL ,WRL,World,2022-12-15,651793379.0,750109.0,6662446.0,2744.0
246350,WRL ,WRL,World,2020-06-03,6516362.0,114479.0,420811.0,5621.0
247274,WRL ,WRL,World,2022-12-14,651043270.0,694265.0,6659702.0,2358.0
247273,WRL ,WRL,World,2022-12-13,650357644.0,778020.0,6657344.0,1893.0
247272,WRL ,WRL,World,2022-12-12,649579624.0,572644.0,6655451.0,1600.0
247271,WRL ,WRL,World,2022-12-11,649006980.0,299124.0,6653852.0,593.0
247270,WRL ,WRL,World,2022-12-10,648707856.0,274502.0,6653259.0,541.0
247269,WRL ,WRL,World,2022-12-09,648433354.0,670307.0,6652718.0,2169.0
247268,WRL ,WRL,World,2022-12-08,647763047.0,809033.0,6650549.0,3000.0
247267,WRL ,WRL,World,2022-12-07,646954014.0,635164.0,6647551.0,2174.0
246532,WRL ,WRL,World,2020-12-02,64673347.0,640226.0,1569653.0,12390.0
247266,WRL ,WRL,World,2022-12-06,646320810.0,624714.0,6645377.0,1736.0
247265,WRL ,WRL,World,2022-12-05,645696366.0,505349.0,6643641.0,1385.0
247264,WRL ,WRL,World,2022-12-04,645191017.0,257043.0,6642256.0,632.0
247263,WRL ,WRL,World,2022-12-03,644933979.0,299780.0,6641624.0,605.0
247262,WRL ,WRL,World,2022-12-02,644634199.0,761540.0,6641019.0,2341.0
247261,WRL ,WRL,World,2022-12-01,643873015.0,706190.0,6638678.0,2389.0
247260,WRL ,WRL,World,2022-11-30,643166825.0,535623.0,6636289.0,1628.0
247259,WRL ,WRL,World,2022-11-29,642631202.0,730686.0,6634661.0,1600.0
247258,WRL ,WRL,World,2022-11-28,641900516.0,405827.0,6633062.0,1177.0
247257,WRL ,WRL,World,2022-11-27,641494712.0,263398.0,6631885.0,588.0
247256,WRL ,WRL,World,2022-11-26,641231314.0,270564.0,6631297.0,509.0
247255,WRL ,WRL,World,2022-11-25,640960750.0,697919.0,6630788.0,2201.0
246349,WRL ,WRL,World,2020-06-02,6405109.0,123392.0,415190.0,5263.0
246531,WRL ,WRL,World,2020-12-01,64033121.0,614801.0,1557263.0,12450.0
247254,WRL ,WRL,World,2022-11-24,640262831.0,420335.0,6628587.0,1397.0
247253,WRL ,WRL,World,2022-11-23,639842496.0,590953.0,6627190.0,2105.0
247252,WRL ,WRL,World,2022-11-22,639251810.0,574232.0,6625085.0,1950.0
247251,WRL ,WRL,World,2022-11-21,638677578.0,341655.0,6623346.0,1125.0
247250,WRL ,WRL,World,2022-11-20,638335923.0,222405.0,6622221.0,589.0
247249,WRL ,WRL,World,2022-11-19,638113518.0,247329.0,6621632.0,492.0
247248,WRL ,WRL,World,2022-11-18,637866189.0,630459.0,6621140.0,2359.0
247247,WRL ,WRL,World,2022-11-17,637235730.0,479925.0,6618784.0,2043.0
247246,WRL ,WRL,World,2022-11-16,636756373.0,486221.0,6616743.0,2306.0
247245,WRL ,WRL,World,2022-11-15,636270152.0,503782.0,6614437.0,1488.0
247244,WRL ,WRL,World,2022-11-14,635766370.0,347860.0,6613374.0,1342.0
247243,WRL ,WRL,World,2022-11-13,635419811.0,183504.0,6612032.0,505.0
247242,WRL ,WRL,World,2022-11-12,635236307.0,242505.0,6611527.0,522.0
247241,WRL ,WRL,World,2022-11-11,634993802.0,488369.0,6611083.0,1706.0
247240,WRL ,WRL,World,2022-11-10,634505433.0,460457.0,6609377.0,2091.0
246530,WRL ,WRL,World,2020-11-30,63418320.0,506624.0,1544813.0,9048.0
247239,WRL ,WRL,World,2022-11-09,634045002.0,433970.0,6607286.0,2112.0
247238,WRL ,WRL,World,2022-11-08,633611032.0,450836.0,6605174.0,1271.0
247237,WRL ,WRL,World,2022-11-07,633160196.0,306116.0,6603903.0,1161.0
247236,WRL ,WRL,World,2022-11-06,632855546.0,186619.0,6602760.0,542.0
247235,WRL ,WRL,World,2022-11-05,632668927.0,201302.0,6602218.0,612.0
247234,WRL ,WRL,World,2022-11-04,632467625.0,444137.0,6601606.0,1975.0
247233,WRL ,WRL,World,2022-11-03,632023488.0,493635.0,6599631.0,2345.0
247232,WRL ,WRL,World,2022-11-02,631529853.0,348206.0,6597286.0,1584.0
247231,WRL ,WRL,World,2022-11-01,631181647.0,401678.0,6595703.0,2802.0
247230,WRL ,WRL,World,2022-10-31,630779969.0,300452.0,6592901.0,1220.0
247229,WRL ,WRL,World,2022-10-30,630479628.0,167315.0,6591681.0,603.0
247228,WRL ,WRL,World,2022-10-29,630312313.0,199095.0,6591078.0,665.0
247227,WRL ,WRL,World,2022-10-28,630113218.0,363508.0,6590413.0,1485.0
247226,WRL ,WRL,World,2022-10-27,629749710.0,477790.0,6588931.0,2122.0
247225,WRL ,WRL,World,2022-10-26,629278805.0,466894.0,6586809.0,2503.0
246529,WRL ,WRL,World,2020-11-29,62911696.0,495524.0,1535765.0,7657.0
247224,WRL ,WRL,World,2022-10-25,628811911.0,594965.0,6584306.0,2179.0
246348,WRL ,WRL,World,2020-06-01,6282364.0,100280.0,409927.0,3744.0
247223,WRL ,WRL,World,2022-10-24,628216946.0,386658.0,6582127.0,1403.0
247222,WRL ,WRL,World,2022-10-23,627830909.0,160796.0,6580809.0,593.0
247221,WRL ,WRL,World,2022-10-22,627670113.0,182335.0,6580216.0,619.0
247220,WRL ,WRL,World,2022-10-21,627487778.0,430593.0,6579597.0,2000.0
247219,WRL ,WRL,World,2022-10-20,627057185.0,595426.0,6577597.0,2202.0
247218,WRL ,WRL,World,2022-10-19,626461783.0,527833.0,6575396.0,2244.0
247217,WRL ,WRL,World,2022-10-18,625934804.0,629364.0,6573153.0,1847.0
247216,WRL ,WRL,World,2022-10-17,625306061.0,476548.0,6571306.0,1760.0
247215,WRL ,WRL,World,2022-10-16,624829513.0,192148.0,6569546.0,547.0
247214,WRL ,WRL,World,2022-10-15,624637365.0,218088.0,6568999.0,777.0
247213,WRL ,WRL,World,2022-10-14,624419277.0,477508.0,6568222.0,1714.0
246528,WRL ,WRL,World,2020-11-28,62416172.0,607472.0,1528108.0,9515.0
247212,WRL ,WRL,World,2022-10-13,623941769.0,662925.0,6566508.0,2107.0
247211,WRL ,WRL,World,2022-10-12,623278844.0,550103.0,6564401.0,1902.0
247210,WRL ,WRL,World,2022-10-11,622728741.0,690406.0,6562499.0,1907.0
247209,WRL ,WRL,World,2022-10-10,622038494.0,453684.0,6560592.0,1317.0
247208,WRL ,WRL,World,2022-10-09,621584810.0,218934.0,6559275.0,632.0
247207,WRL ,WRL,World,2022-10-08,621365876.0,219004.0,6558643.0,711.0
247206,WRL ,WRL,World,2022-10-07,621146872.0,574603.0,6557932.0,1795.0
247205,WRL ,WRL,World,2022-10-06,620572269.0,640624.0,6556137.0,2009.0
247204,WRL ,WRL,World,2022-10-05,619931645.0,582672.0,6554128.0,2190.0
247203,WRL ,WRL,World,2022-10-04,619348973.0,600240.0,6551942.0,1602.0
247202,WRL ,WRL,World,2022-10-03,618748733.0,319950.0,6550340.0,1364.0
247201,WRL ,WRL,World,2022-10-02,618428783.0,200809.0,6548976.0,564.0
247200,WRL ,WRL,World,2022-10-01,618228082.0,241028.0,6548412.0,669.0
246347,WRL ,WRL,World,2020-05-31,6182084.0,102859.0,406186.0,3289.0
246527,WRL ,WRL,World,2020-11-27,61808700.0,695305.0,1518593.0,11521.0
247199,WRL ,WRL,World,2022-09-30,617987054.0,472561.0,6547743.0,1472.0
247198,WRL ,WRL,World,2022-09-29,617514493.0,644152.0,6546271.0,2288.0
246224,WRL ,WRL,World,2020-01-29,6169.0,589.0,133.0,2.0
247197,WRL ,WRL,World,2022-09-28,616870341.0,549847.0,6543984.0,2341.0
247196,WRL ,WRL,World,2022-09-27,616320494.0,599538.0,6541643.0,1602.0
247195,WRL ,WRL,World,2022-09-26,615720956.0,422785.0,6540041.0,1376.0
247194,WRL ,WRL,World,2022-09-25,615298197.0,222900.0,6538665.0,507.0
247193,WRL ,WRL,World,2022-09-24,615075297.0,265146.0,6538158.0,835.0
247192,WRL ,WRL,World,2022-09-23,614810151.0,517770.0,6537323.0,1828.0
247191,WRL ,WRL,World,2022-09-22,614292381.0,619671.0,6535495.0,2195.0
247190,WRL ,WRL,World,2022-09-21,613672710.0,518153.0,6533300.0,2057.0
247189,WRL ,WRL,World,2022-09-20,613154557.0,553781.0,6531243.0,1829.0
247188,WRL ,WRL,World,2022-09-19,612600912.0,416971.0,6529414.0,1382.0
247187,WRL ,WRL,World,2022-09-18,612183941.0,254550.0,6528032.0,584.0
247186,WRL ,WRL,World,2022-09-17,611929391.0,295066.0,6527448.0,849.0
247185,WRL ,WRL,World,2022-09-16,611634325.0,455619.0,6526599.0,2010.0
247184,WRL ,WRL,World,2022-09-15,611178706.0,611334.0,6524589.0,2571.0
246526,WRL ,WRL,World,2020-11-26,61113395.0,589122.0,1507072.0,10935.0
247183,WRL ,WRL,World,2022-09-14,610567372.0,710885.0,6522018.0,2394.0
247182,WRL ,WRL,World,2022-09-13,609869421.0,548532.0,6519680.0,1982.0
247181,WRL ,WRL,World,2022-09-12,609320889.0,485260.0,6517699.0,1515.0
247180,WRL ,WRL,World,2022-09-11,608835770.0,314236.0,6516185.0,786.0
247179,WRL ,WRL,World,2022-09-10,608521534.0,313189.0,6515399.0,942.0
247178,WRL ,WRL,World,2022-09-09,608208345.0,525682.0,6514457.0,2295.0
246346,WRL ,WRL,World,2020-05-30,6079225.0,135040.0,402897.0,4361.0
247177,WRL ,WRL,World,2022-09-08,607682663.0,584017.0,6512164.0,2239.0
247176,WRL ,WRL,World,2022-09-07,607098646.0,616231.0,6509925.0,2185.0
247175,WRL ,WRL,World,2022-09-06,606482415.0,674102.0,6507749.0,2315.0
247174,WRL ,WRL,World,2022-09-05,605808313.0,457719.0,6505434.0,1446.0
247173,WRL ,WRL,World,2022-09-04,605350594.0,370328.0,6503988.0,1111.0
246525,WRL ,WRL,World,2020-11-25,60524273.0,617006.0,1496137.0,12024.0
247172,WRL ,WRL,World,2022-09-03,604980266.0,376583.0,6502877.0,1076.0
247171,WRL ,WRL,World,2022-09-02,604603683.0,657529.0,6501801.0,2716.0
247170,WRL ,WRL,World,2022-09-01,603946154.0,679810.0,6499085.0,2553.0
246239,WRL ,WRL,World,2020-02-13,60384.0,15152.0,1373.0,253.0
247169,WRL ,WRL,World,2022-08-31,603266344.0,753139.0,6496532.0,3366.0
247168,WRL ,WRL,World,2022-08-30,602513205.0,748157.0,6493166.0,2520.0
247167,WRL ,WRL,World,2022-08-29,601765048.0,577242.0,6490668.0,2013.0
247166,WRL ,WRL,World,2022-08-28,601187806.0,406153.0,6488655.0,1021.0
247165,WRL ,WRL,World,2022-08-27,600781653.0,452570.0,6487634.0,1210.0
247164,WRL ,WRL,World,2022-08-26,600329083.0,702170.0,6486424.0,2528.0
246282,WRL ,WRL,World,2020-03-27,599748.0,63913.0,29811.0,3638.0
247163,WRL ,WRL,World,2022-08-25,599626913.0,865053.0,6483896.0,2957.0
246524,WRL ,WRL,World,2020-11-24,59907267.0,590741.0,1484113.0,12522.0
247162,WRL ,WRL,World,2022-08-24,598761860.0,884541.0,6480939.0,3156.0
247161,WRL ,WRL,World,2022-08-23,597877380.0,889677.0,6477783.0,2934.0
247160,WRL ,WRL,World,2022-08-22,596988167.0,711211.0,6474850.0,1614.0
247159,WRL ,WRL,World,2022-08-21,596276956.0,484447.0,6473427.0,1719.0
247158,WRL ,WRL,World,2022-08-20,595792509.0,574277.0,6471708.0,1189.0
247157,WRL ,WRL,World,2022-08-19,595218232.0,801559.0,6470519.0,2713.0
246345,WRL ,WRL,World,2020-05-29,5944185.0,121475.0,398536.0,5156.0
247156,WRL ,WRL,World,2022-08-18,594416673.0,944823.0,6467806.0,2982.0
247155,WRL ,WRL,World,2022-08-17,593471850.0,990418.0,6464824.0,3237.0
246523,WRL ,WRL,World,2020-11-23,59316526.0,534097.0,1471591.0,8729.0
247154,WRL ,WRL,World,2022-08-16,592481432.0,1083415.0,6461587.0,3436.0
247153,WRL ,WRL,World,2022-08-15,591398017.0,855531.0,6458151.0,2395.0
247152,WRL ,WRL,World,2022-08-14,590542486.0,460678.0,6455756.0,994.0
247151,WRL ,WRL,World,2022-08-13,590081808.0,636417.0,6454762.0,1482.0
247150,WRL ,WRL,World,2022-08-12,589445391.0,752864.0,6453280.0,2816.0
247149,WRL ,WRL,World,2022-08-11,588692527.0,1005492.0,6450464.0,3206.0
246522,WRL ,WRL,World,2020-11-22,58782429.0,498012.0,1462862.0,7669.0
247148,WRL ,WRL,World,2022-08-10,587687035.0,1026922.0,6447258.0,2704.0
247147,WRL ,WRL,World,2022-08-09,586660113.0,1040298.0,6444554.0,3561.0
247146,WRL ,WRL,World,2022-08-08,585619815.0,816723.0,6440993.0,2303.0
247145,WRL ,WRL,World,2022-08-07,584803092.0,497795.0,6438690.0,940.0
247144,WRL ,WRL,World,2022-08-06,584305297.0,1024070.0,6437750.0,1729.0
247143,WRL ,WRL,World,2022-08-05,583127133.0,900918.0,6436021.0,2945.0
246521,WRL ,WRL,World,2020-11-21,58284417.0,592471.0,1455193.0,9304.0
246344,WRL ,WRL,World,2020-05-28,5822710.0,119993.0,393380.0,4992.0
247142,WRL ,WRL,World,2022-08-04,582226215.0,1061208.0,6433076.0,3173.0
247141,WRL ,WRL,World,2022-08-03,580771941.0,1155267.0,6429903.0,3149.0
247140,WRL ,WRL,World,2022-08-02,579616674.0,1190622.0,6426754.0,2884.0
247139,WRL ,WRL,World,2022-08-01,578426052.0,873583.0,6423876.0,2435.0
247138,WRL ,WRL,World,2022-07-31,577552469.0,544538.0,6421441.0,915.0
247137,WRL ,WRL,World,2022-07-30,577007931.0,576049.0,6420526.0,1095.0
246520,WRL ,WRL,World,2020-11-20,57691946.0,674027.0,1445889.0,11752.0
247136,WRL ,WRL,World,2022-07-29,576431882.0,1374960.0,6419431.0,3020.0
247135,WRL ,WRL,World,2022-07-28,575056928.0,1116116.0,6416411.0,2758.0
247134,WRL ,WRL,World,2022-07-27,573940812.0,1426366.0,6413653.0,3349.0
247133,WRL ,WRL,World,2022-07-26,572514446.0,1198418.0,6410305.0,2916.0
247132,WRL ,WRL,World,2022-07-25,571317663.0,973805.0,6407389.0,1949.0
247131,WRL ,WRL,World,2022-07-24,570343858.0,550848.0,6405440.0,1031.0
246343,WRL ,WRL,World,2020-05-27,5702717.0,102551.0,388388.0,5220.0
246519,WRL ,WRL,World,2020-11-19,57017919.0,653934.0,1434137.0,11142.0
247130,WRL ,WRL,World,2022-07-23,569793010.0,636553.0,6404409.0,1287.0
247129,WRL ,WRL,World,2022-07-22,569156457.0,1094564.0,6403122.0,2862.0
247128,WRL ,WRL,World,2022-07-21,568061900.0,1154079.0,6400260.0,2543.0
247127,WRL ,WRL,World,2022-07-20,566907821.0,1602630.0,6397717.0,2895.0
247126,WRL ,WRL,World,2022-07-19,565306215.0,1545645.0,6394822.0,3079.0
247125,WRL ,WRL,World,2022-07-18,563761340.0,1198478.0,6391743.0,2081.0
246518,WRL ,WRL,World,2020-11-18,56363985.0,622151.0,1422995.0,11472.0
247124,WRL ,WRL,World,2022-07-17,562562862.0,459219.0,6389662.0,986.0
247123,WRL ,WRL,World,2022-07-16,562103643.0,552759.0,6388676.0,1083.0
247122,WRL ,WRL,World,2022-07-15,561550884.0,1001197.0,6387593.0,2308.0
247121,WRL ,WRL,World,2022-07-14,560549687.0,1002369.0,6385285.0,2073.0
246342,WRL ,WRL,World,2020-05-26,5600166.0,92358.0,383168.0,4779.0
247120,WRL ,WRL,World,2022-07-13,559547318.0,1426181.0,6383212.0,2609.0
247119,WRL ,WRL,World,2022-07-12,558121137.0,1223065.0,6380603.0,2459.0
246223,WRL ,WRL,World,2020-01-28,5580.0,2651.0,131.0,49.0
246517,WRL ,WRL,World,2020-11-17,55741834.0,602187.0,1411523.0,10974.0
246217,WRL ,WRL,World,2020-01-22,557.0,0.0,17.0,0.0
247118,WRL ,WRL,World,2022-07-11,556898072.0,1053694.0,6378144.0,1782.0
247117,WRL ,WRL,World,2022-07-10,555844378.0,422634.0,6376363.0,845.0
247116,WRL ,WRL,World,2022-07-09,555421744.0,503532.0,6375518.0,1041.0
247115,WRL ,WRL,World,2022-07-08,554918212.0,1005089.0,6374477.0,2287.0
247114,WRL ,WRL,World,2022-07-07,553913123.0,1053180.0,6372190.0,2706.0
247113,WRL ,WRL,World,2022-07-06,552859943.0,1225404.0,6369484.0,2340.0
247112,WRL ,WRL,World,2022-07-05,551634539.0,1204794.0,6367144.0,2208.0
246516,WRL ,WRL,World,2020-11-16,55139647.0,525661.0,1400549.0,8057.0
246341,WRL ,WRL,World,2020-05-25,5507808.0,88583.0,378389.0,3614.0
247111,WRL ,WRL,World,2022-07-04,550429745.0,851918.0,6364936.0,1149.0
247110,WRL ,WRL,World,2022-07-03,549577827.0,358269.0,6363787.0,735.0
247109,WRL ,WRL,World,2022-07-02,549219558.0,359203.0,6363053.0,828.0
247108,WRL ,WRL,World,2022-07-01,548860355.0,949877.0,6362225.0,1868.0
247107,WRL ,WRL,World,2022-06-30,547910478.0,1078109.0,6360357.0,1644.0
247106,WRL ,WRL,World,2022-06-29,546832369.0,931604.0,6358967.0,1826.0
246515,WRL ,WRL,World,2020-11-15,54613986.0,490154.0,1392492.0,6959.0
247105,WRL ,WRL,World,2022-06-28,545900765.0,942044.0,6357141.0,1931.0
247104,WRL ,WRL,World,2022-06-27,544958721.0,872691.0,6355210.0,1471.0
247103,WRL ,WRL,World,2022-06-26,544086030.0,286579.0,6353739.0,663.0
247102,WRL ,WRL,World,2022-06-25,543799451.0,316721.0,6353076.0,797.0
247101,WRL ,WRL,World,2022-06-24,543482730.0,777297.0,6352279.0,1772.0
247100,WRL ,WRL,World,2022-06-23,542705433.0,783611.0,6350507.0,1813.0
246340,WRL ,WRL,World,2020-05-24,5419597.0,93646.0,376695.0,3483.0
247099,WRL ,WRL,World,2022-06-22,541921822.0,805429.0,6348694.0,2027.0
246514,WRL ,WRL,World,2020-11-14,54123832.0,586887.0,1385533.0,9138.0
247098,WRL ,WRL,World,2022-06-21,541116393.0,816258.0,6346667.0,1734.0
247097,WRL ,WRL,World,2022-06-20,540300135.0,754515.0,6344933.0,1520.0
247096,WRL ,WRL,World,2022-06-19,539545620.0,268412.0,6343413.0,680.0
247095,WRL ,WRL,World,2022-06-18,539277208.0,228485.0,6342733.0,645.0
247094,WRL ,WRL,World,2022-06-17,539048723.0,533048.0,6342088.0,1259.0
247093,WRL ,WRL,World,2022-06-16,538515675.0,582820.0,6340829.0,1495.0
247092,WRL ,WRL,World,2022-06-15,537932855.0,721862.0,6338966.0,2001.0
247091,WRL ,WRL,World,2022-06-14,537210993.0,857068.0,6336965.0,1837.0
247090,WRL ,WRL,World,2022-06-13,536353925.0,528007.0,6335128.0,1688.0
246281,WRL ,WRL,World,2020-03-26,535835.0,60810.0,26173.0,3256.0
247089,WRL ,WRL,World,2022-06-12,535825918.0,198137.0,6333440.0,576.0
247088,WRL ,WRL,World,2022-06-11,535627781.0,283727.0,6332864.0,922.0
246513,WRL ,WRL,World,2020-11-13,53536945.0,660873.0,1376395.0,9932.0
247087,WRL ,WRL,World,2022-06-10,535344150.0,556420.0,6331942.0,1702.0
247086,WRL ,WRL,World,2022-06-09,534787730.0,565029.0,6330244.0,1556.0
247085,WRL ,WRL,World,2022-06-08,534222701.0,706445.0,6328688.0,2570.0
247084,WRL ,WRL,World,2022-06-07,533516256.0,611908.0,6326118.0,2014.0
247083,WRL ,WRL,World,2022-06-06,532904348.0,434829.0,6324104.0,964.0
246339,WRL ,WRL,World,2020-05-23,5326390.0,104107.0,373292.0,4453.0
247082,WRL ,WRL,World,2022-06-05,532469519.0,262891.0,6323140.0,813.0
247081,WRL ,WRL,World,2022-06-04,532206628.0,252993.0,6322327.0,692.0
247080,WRL ,WRL,World,2022-06-03,531953635.0,543560.0,6321635.0,1529.0
247079,WRL ,WRL,World,2022-06-02,531410075.0,530635.0,6320106.0,1686.0
247078,WRL ,WRL,World,2022-06-01,530879440.0,698316.0,6318420.0,2012.0
247077,WRL ,WRL,World,2022-05-31,530181124.0,625509.0,6316408.0,1522.0
247076,WRL ,WRL,World,2022-05-30,529555615.0,344300.0,6314886.0,1109.0
247075,WRL ,WRL,World,2022-05-29,529211315.0,276627.0,6313777.0,617.0
247074,WRL ,WRL,World,2022-05-28,528934688.0,328954.0,6313160.0,837.0
246512,WRL ,WRL,World,2020-11-12,52876072.0,640114.0,1366463.0,9718.0
247073,WRL ,WRL,World,2022-05-27,528605734.0,569476.0,6312323.0,1974.0
247072,WRL ,WRL,World,2022-05-26,528036258.0,507255.0,6310350.0,1518.0
247071,WRL ,WRL,World,2022-05-25,527533511.0,643727.0,6308918.0,2612.0
247070,WRL ,WRL,World,2022-05-24,526889784.0,594605.0,6306306.0,1657.0
247069,WRL ,WRL,World,2022-05-23,526295179.0,522649.0,6304654.0,1563.0
247068,WRL ,WRL,World,2022-05-22,525802183.0,328056.0,6303092.0,688.0
247067,WRL ,WRL,World,2022-05-21,525486183.0,367112.0,6302482.0,1095.0
247066,WRL ,WRL,World,2022-05-20,525119071.0,625909.0,6301389.0,1996.0
247065,WRL ,WRL,World,2022-05-19,524493162.0,597625.0,6299393.0,1733.0
247064,WRL ,WRL,World,2022-05-18,523897093.0,760402.0,6297660.0,2359.0
247063,WRL ,WRL,World,2022-05-17,523136691.0,608628.0,6295301.0,1832.0
247062,WRL ,WRL,World,2022-05-16,522528354.0,591152.0,6293442.0,1605.0
246511,WRL ,WRL,World,2020-11-11,52235958.0,624564.0,1356745.0,10416.0
246338,WRL ,WRL,World,2020-05-22,5222283.0,107248.0,368839.0,5705.0
247061,WRL ,WRL,World,2022-05-15,521938109.0,373644.0,6291864.0,777.0
247060,WRL ,WRL,World,2022-05-14,521564465.0,438681.0,6291087.0,965.0
247059,WRL ,WRL,World,2022-05-13,521125784.0,572962.0,6290123.0,1882.0
247058,WRL ,WRL,World,2022-05-12,520552822.0,652640.0,6288241.0,1995.0
247057,WRL ,WRL,World,2022-05-11,519900182.0,694519.0,6286246.0,2225.0
247056,WRL ,WRL,World,2022-05-10,519205663.0,641265.0,6284021.0,2004.0
247055,WRL ,WRL,World,2022-05-09,518564398.0,690468.0,6282017.0,1886.0
247054,WRL ,WRL,World,2022-05-08,517873930.0,278838.0,6280131.0,841.0
247053,WRL ,WRL,World,2022-05-07,517595092.0,339320.0,6279290.0,1154.0
247052,WRL ,WRL,World,2022-05-06,517255772.0,630675.0,6278136.0,2131.0
247051,WRL ,WRL,World,2022-05-05,516625097.0,599636.0,6276005.0,2239.0
246510,WRL ,WRL,World,2020-11-10,51611394.0,570649.0,1346329.0,9751.0
247050,WRL ,WRL,World,2022-05-04,516025461.0,627246.0,6273766.0,3733.0
247049,WRL ,WRL,World,2022-05-03,515398215.0,672465.0,6270033.0,2208.0
247048,WRL ,WRL,World,2022-05-02,514726150.0,447431.0,6267841.0,1739.0
247047,WRL ,WRL,World,2022-05-01,514278719.0,309413.0,6266104.0,1207.0
247046,WRL ,WRL,World,2022-04-30,513969306.0,353721.0,6264903.0,1464.0
247045,WRL ,WRL,World,2022-04-29,513615585.0,644382.0,6263439.0,2536.0
247044,WRL ,WRL,World,2022-04-28,512971203.0,759245.0,6260903.0,3008.0
247043,WRL ,WRL,World,2022-04-27,512211983.0,683956.0,6257902.0,3129.0
247042,WRL ,WRL,World,2022-04-26,511528027.0,778790.0,6254774.0,4278.0
246337,WRL ,WRL,World,2020-05-21,5115035.0,106058.0,363134.0,5035.0
247041,WRL ,WRL,World,2022-04-25,510749237.0,636961.0,6250496.0,2138.0
246509,WRL ,WRL,World,2020-11-09,51040745.0,509866.0,1336578.0,7581.0
247040,WRL ,WRL,World,2022-04-24,510112276.0,365343.0,6248358.0,1166.0
247039,WRL ,WRL,World,2022-04-23,509746933.0,478766.0,6247192.0,1602.0
247038,WRL ,WRL,World,2022-04-22,509268167.0,831427.0,6245590.0,2749.0
247037,WRL ,WRL,World,2022-04-21,508436740.0,921562.0,6242827.0,3130.0
247036,WRL ,WRL,World,2022-04-20,507515178.0,961554.0,6239738.0,4181.0
247035,WRL ,WRL,World,2022-04-19,506554408.0,1018274.0,6235557.0,3015.0
247034,WRL ,WRL,World,2022-04-18,505536407.0,457286.0,6232542.0,1566.0
246508,WRL ,WRL,World,2020-11-08,50530879.0,490823.0,1328997.0,6401.0
247033,WRL ,WRL,World,2022-04-17,505079121.0,407761.0,6230976.0,1534.0
247032,WRL ,WRL,World,2022-04-16,504671360.0,554447.0,6229442.0,1610.0
247031,WRL ,WRL,World,2022-04-15,504116913.0,667045.0,6227832.0,2473.0
247030,WRL ,WRL,World,2022-04-14,503457914.0,965252.0,6225359.0,3578.0
247029,WRL ,WRL,World,2022-04-13,502495530.0,1073494.0,6221798.0,4065.0
247028,WRL ,WRL,World,2022-04-12,501422066.0,1119309.0,6217733.0,3281.0
246336,WRL ,WRL,World,2020-05-20,5009081.0,105421.0,358099.0,5406.0
246507,WRL ,WRL,World,2020-11-07,50040056.0,599024.0,1322597.0,7786.0
247027,WRL ,WRL,World,2022-04-11,500302757.0,986334.0,6214452.0,2853.0
247026,WRL ,WRL,World,2022-04-10,499316551.0,561621.0,6211599.0,1772.0
247025,WRL ,WRL,World,2022-04-09,498754930.0,742254.0,6209827.0,2344.0
247024,WRL ,WRL,World,2022-04-08,498012676.0,1174225.0,6207483.0,3927.0
247023,WRL ,WRL,World,2022-04-07,496838451.0,1278161.0,6203556.0,4320.0
247022,WRL ,WRL,World,2022-04-06,495560290.0,1219755.0,6199236.0,4128.0
246506,WRL ,WRL,World,2020-11-06,49441032.0,623037.0,1314811.0,9192.0
247021,WRL ,WRL,World,2022-04-05,494340535.0,1365022.0,6194913.0,4165.0
247020,WRL ,WRL,World,2022-04-04,492975513.0,1233161.0,6190749.0,3386.0
247019,WRL ,WRL,World,2022-04-03,491742352.0,693119.0,6187363.0,1894.0
247018,WRL ,WRL,World,2022-04-02,491049233.0,872628.0,6185469.0,2572.0
246335,WRL ,WRL,World,2020-05-19,4903660.0,95813.0,352693.0,5186.0
247017,WRL ,WRL,World,2022-04-01,490176605.0,1418754.0,6182897.0,4520.0
247016,WRL ,WRL,World,2022-03-31,488757851.0,1562994.0,6178020.0,4495.0
246505,WRL ,WRL,World,2020-11-05,48817995.0,619273.0,1305619.0,8717.0
247015,WRL ,WRL,World,2022-03-30,487194857.0,1595857.0,6173525.0,4928.0
247014,WRL ,WRL,World,2022-03-29,485599000.0,1751398.0,6168597.0,4939.0
247013,WRL ,WRL,World,2022-03-28,483847602.0,1843987.0,6163925.0,4280.0
247012,WRL ,WRL,World,2022-03-27,482003615.0,850745.0,6159645.0,2635.0
246504,WRL ,WRL,World,2020-11-04,48198723.0,538604.0,1296902.0,9965.0
247011,WRL ,WRL,World,2022-03-26,481152870.0,1124399.0,6157010.0,2819.0
246334,WRL ,WRL,World,2020-05-18,4808056.0,89139.0,347724.0,4396.0
247010,WRL ,WRL,World,2022-03-25,480028471.0,1759233.0,6154191.0,8953.0
247009,WRL ,WRL,World,2022-03-24,478269238.0,1781044.0,6145241.0,5294.0
246503,WRL ,WRL,World,2020-11-03,47706578.0,565413.0,1286972.0,9575.0
247008,WRL ,WRL,World,2022-03-23,476488199.0,1803511.0,6139972.0,5983.0
246280,WRL ,WRL,World,2020-03-25,475025.0,51480.0,22920.0,2971.0
247007,WRL ,WRL,World,2022-03-22,474684688.0,1976437.0,6133989.0,5076.0
247006,WRL ,WRL,World,2022-03-21,472708255.0,1879982.0,6128913.0,4919.0
246333,WRL ,WRL,World,2020-05-17,4718917.0,78347.0,343329.0,3878.0
246502,WRL ,WRL,World,2020-11-02,47141165.0,548423.0,1277399.0,6326.0
247005,WRL ,WRL,World,2022-03-20,470828273.0,960817.0,6112548.0,3326.0
247004,WRL ,WRL,World,2022-03-19,469867456.0,1479375.0,6109222.0,3854.0
247003,WRL ,WRL,World,2022-03-18,468388081.0,1891284.0,6105368.0,5528.0
247002,WRL ,WRL,World,2022-03-17,466496797.0,2077571.0,6099840.0,6742.0
246501,WRL ,WRL,World,2020-11-01,46592742.0,439104.0,1271073.0,5356.0
247001,WRL ,WRL,World,2022-03-16,464419226.0,2236268.0,6092755.0,6889.0
246332,WRL ,WRL,World,2020-05-16,4640570.0,93907.0,339451.0,4541.0
247000,WRL ,WRL,World,2022-03-15,462182958.0,1808579.0,6085866.0,5618.0
246500,WRL ,WRL,World,2020-10-31,46153638.0,472025.0,1265717.0,6647.0
246999,WRL ,WRL,World,2022-03-14,460374379.0,1997819.0,6080248.0,5614.0
246998,WRL ,WRL,World,2022-03-13,458376563.0,1137616.0,6074634.0,3551.0
246997,WRL ,WRL,World,2022-03-12,457238947.0,1560668.0,6071083.0,4730.0
246499,WRL ,WRL,World,2020-10-30,45681613.0,571719.0,1259070.0,7774.0
246996,WRL ,WRL,World,2022-03-11,455678279.0,1872332.0,6066353.0,6567.0
246331,WRL ,WRL,World,2020-05-15,4546663.0,96330.0,334910.0,5757.0
246995,WRL ,WRL,World,2022-03-10,453805947.0,1871147.0,6060144.0,7535.0
246238,WRL ,WRL,World,2020-02-12,45232.0,418.0,1120.0,5.0
246994,WRL ,WRL,World,2022-03-09,451935143.0,1988778.0,6052609.0,8196.0
246498,WRL ,WRL,World,2020-10-29,45109894.0,551378.0,1251296.0,7238.0
246993,WRL ,WRL,World,2022-03-08,449946365.0,1583728.0,6044413.0,6887.0
246992,WRL ,WRL,World,2022-03-07,448362637.0,1741359.0,6037526.0,7680.0
246237,WRL ,WRL,World,2020-02-11,44814.0,2043.0,1115.0,100.0
246991,WRL ,WRL,World,2022-03-06,446621278.0,1109724.0,6029662.0,4227.0
246497,WRL ,WRL,World,2020-10-28,44558516.0,521659.0,1244058.0,7183.0
246990,WRL ,WRL,World,2022-03-05,445511554.0,1290289.0,6025436.0,5641.0
246330,WRL ,WRL,World,2020-05-14,4450333.0,95643.0,329153.0,5750.0
246989,WRL ,WRL,World,2022-03-04,444221265.0,1762155.0,6019795.0,8716.0
246988,WRL ,WRL,World,2022-03-03,442459123.0,1774896.0,6011079.0,8175.0
246987,WRL ,WRL,World,2022-03-02,440684227.0,1658618.0,6002905.0,8173.0
246496,WRL ,WRL,World,2020-10-27,44036857.0,468402.0,1236881.0,7411.0
246986,WRL ,WRL,World,2022-03-01,439025609.0,1598086.0,5994732.0,8475.0
246985,WRL ,WRL,World,2022-02-28,437427523.0,1608804.0,5986257.0,7680.0
246984,WRL ,WRL,World,2022-02-27,435818719.0,1052149.0,5978577.0,4700.0
246495,WRL ,WRL,World,2020-10-26,43568455.0,483109.0,1229470.0,5837.0
246329,WRL ,WRL,World,2020-05-13,4354691.0,84416.0,323403.0,5437.0
246983,WRL ,WRL,World,2022-02-26,434766587.0,1273928.0,5973879.0,6540.0
246982,WRL ,WRL,World,2022-02-25,433492659.0,1654015.0,5967339.0,9066.0
246981,WRL ,WRL,World,2022-02-24,431838644.0,1787742.0,5958273.0,10808.0
246494,WRL ,WRL,World,2020-10-25,43085346.0,358779.0,1223633.0,4386.0
246980,WRL ,WRL,World,2022-02-23,430050902.0,1916899.0,5947465.0,11987.0
246979,WRL ,WRL,World,2022-02-22,428134003.0,1673294.0,5935479.0,10052.0
246236,WRL ,WRL,World,2020-02-10,42771.0,2609.0,1015.0,107.0
246493,WRL ,WRL,World,2020-10-24,42726567.0,456218.0,1219268.0,5918.0
246328,WRL ,WRL,World,2020-05-12,4270276.0,85403.0,317966.0,5739.0
246978,WRL ,WRL,World,2022-02-21,426460709.0,1705458.0,5925427.0,7561.0
246977,WRL ,WRL,World,2022-02-20,424755251.0,1193496.0,5917866.0,5377.0
246976,WRL ,WRL,World,2022-02-19,423561755.0,1476965.0,5912489.0,8356.0
246279,WRL ,WRL,World,2020-03-24,423545.0,41888.0,19949.0,2426.0
246492,WRL ,WRL,World,2020-10-23,42270349.0,493822.0,1213350.0,7106.0
246975,WRL ,WRL,World,2022-02-18,422084790.0,1983156.0,5904133.0,10639.0
246974,WRL ,WRL,World,2022-02-17,420101634.0,2062586.0,5893494.0,12213.0
246327,WRL ,WRL,World,2020-05-11,4184893.0,76234.0,312233.0,4078.0
246973,WRL ,WRL,World,2022-02-16,418039048.0,2242038.0,5881281.0,13110.0
246491,WRL ,WRL,World,2020-10-22,41776527.0,482019.0,1206244.0,5959.0
246972,WRL ,WRL,World,2022-02-15,415799584.0,1876164.0,5868171.0,10653.0
246971,WRL ,WRL,World,2022-02-14,413928952.0,2042934.0,5857518.0,11234.0
246490,WRL ,WRL,World,2020-10-21,41294508.0,439485.0,1200285.0,6909.0
246970,WRL ,WRL,World,2022-02-13,411886018.0,1405471.0,5846284.0,5271.0
246326,WRL ,WRL,World,2020-05-10,4108716.0,75213.0,308155.0,4338.0
246969,WRL ,WRL,World,2022-02-12,410480547.0,1724573.0,5841013.0,8646.0
246968,WRL ,WRL,World,2022-02-11,408755974.0,2424561.0,5832367.0,11982.0
246489,WRL ,WRL,World,2020-10-20,40855023.0,388787.0,1193376.0,6628.0
246967,WRL ,WRL,World,2022-02-10,406331413.0,2813888.0,5820385.0,11877.0
246488,WRL ,WRL,World,2020-10-19,40466236.0,374958.0,1186748.0,4843.0
246966,WRL ,WRL,World,2022-02-09,403517525.0,2432601.0,5808508.0,13128.0
246325,WRL ,WRL,World,2020-05-09,4033503.0,84241.0,303817.0,4918.0
246235,WRL ,WRL,World,2020-02-09,40162.0,3031.0,908.0,100.0
246965,WRL ,WRL,World,2022-02-08,401084924.0,2599523.0,5795380.0,12795.0
246487,WRL ,WRL,World,2020-10-18,40091278.0,331183.0,1181905.0,3981.0
246964,WRL ,WRL,World,2022-02-07,398485401.0,2974378.0,5782585.0,11123.0
246486,WRL ,WRL,World,2020-10-17,39760095.0,372034.0,1177924.0,5727.0
246963,WRL ,WRL,World,2022-02-06,395511023.0,1762241.0,5771462.0,5974.0
246324,WRL ,WRL,World,2020-05-08,3949262.0,91893.0,298899.0,5952.0
246485,WRL ,WRL,World,2020-10-16,39388061.0,410481.0,1172197.0,6220.0
246962,WRL ,WRL,World,2022-02-05,393748782.0,2102954.0,5765488.0,8211.0
246961,WRL ,WRL,World,2022-02-04,391645828.0,2955197.0,5757277.0,13163.0
246484,WRL ,WRL,World,2020-10-15,38977580.0,406931.0,1165977.0,6210.0
246960,WRL ,WRL,World,2022-02-03,388690631.0,3193549.0,5744114.0,11638.0
246323,WRL ,WRL,World,2020-05-07,3858849.0,90136.0,292947.0,5869.0
246483,WRL ,WRL,World,2020-10-14,38570649.0,380683.0,1159767.0,6167.0
246959,WRL ,WRL,World,2022-02-02,385497082.0,3184354.0,5732476.0,11888.0
246958,WRL ,WRL,World,2022-02-01,382312728.0,3129462.0,5720588.0,12481.0
246482,WRL ,WRL,World,2020-10-13,38189966.0,319364.0,1153601.0,5337.0
246278,WRL ,WRL,World,2020-03-23,381672.0,42551.0,17523.0,2096.0
246957,WRL ,WRL,World,2022-01-31,379183266.0,3041189.0,5707902.0,10439.0
246481,WRL ,WRL,World,2020-10-12,37870602.0,290034.0,1148264.0,4129.0
246322,WRL ,WRL,World,2020-05-06,3770296.0,90438.0,287078.0,6763.0
246480,WRL ,WRL,World,2020-10-11,37580568.0,289426.0,1144135.0,4195.0
246956,WRL ,WRL,World,2022-01-30,375323106.0,2176038.0,5697466.0,5548.0
246955,WRL ,WRL,World,2022-01-29,373147068.0,2562520.0,5691918.0,7890.0
246479,WRL ,WRL,World,2020-10-10,37291142.0,355443.0,1139940.0,4904.0
246234,WRL ,WRL,World,2020-02-08,37131.0,2731.0,808.0,87.0
246954,WRL ,WRL,World,2022-01-28,370584548.0,3678481.0,5684028.0,12347.0
246478,WRL ,WRL,World,2020-10-09,36935699.0,360384.0,1135036.0,6192.0
246321,WRL ,WRL,World,2020-05-05,3679858.0,79655.0,280315.0,6147.0
246953,WRL ,WRL,World,2022-01-27,366906067.0,3699399.0,5671681.0,10302.0
246477,WRL ,WRL,World,2020-10-08,36575315.0,359291.0,1128844.0,6386.0
246952,WRL ,WRL,World,2022-01-26,363206668.0,3761061.0,5661379.0,10716.0
246476,WRL ,WRL,World,2020-10-07,36216024.0,349240.0,1122461.0,5927.0
246320,WRL ,WRL,World,2020-05-04,3600203.0,77611.0,274168.0,4844.0
246951,WRL ,WRL,World,2022-01-25,359445607.0,3654042.0,5650663.0,10710.0
246475,WRL ,WRL,World,2020-10-06,35866784.0,316053.0,1116537.0,5862.0
246950,WRL ,WRL,World,2022-01-24,355791565.0,3634061.0,5640181.0,8916.0
246474,WRL ,WRL,World,2020-10-05,35550731.0,311370.0,1110675.0,4301.0
246473,WRL ,WRL,World,2020-10-04,35239361.0,260491.0,1103585.0,4025.0
246319,WRL ,WRL,World,2020-05-03,3522598.0,74022.0,269324.0,4276.0
246949,WRL ,WRL,World,2022-01-23,352157504.0,2382088.0,5631265.0,5164.0
246472,WRL ,WRL,World,2020-10-03,34978870.0,297289.0,1099560.0,4784.0
246948,WRL ,WRL,World,2022-01-22,349775416.0,2648435.0,5626101.0,6021.0
246947,WRL ,WRL,World,2022-01-21,347126981.0,3830284.0,5620080.0,9966.0
246471,WRL ,WRL,World,2020-10-02,34681581.0,329474.0,1094776.0,5683.0
246318,WRL ,WRL,World,2020-05-02,3448592.0,78390.0,265048.0,6014.0
246233,WRL ,WRL,World,2020-02-07,34400.0,3594.0,721.0,85.0
246470,WRL ,WRL,World,2020-10-01,34352107.0,319101.0,1089098.0,8895.0
246946,WRL ,WRL,World,2022-01-20,343296697.0,3733688.0,5610114.0,9640.0
246469,WRL ,WRL,World,2020-09-30,34033006.0,324527.0,1080203.0,6426.0
246945,WRL ,WRL,World,2022-01-19,339563009.0,4082550.0,5600474.0,9932.0
246277,WRL ,WRL,World,2020-03-22,339121.0,34178.0,15427.0,1830.0
246468,WRL ,WRL,World,2020-09-29,33708479.0,282773.0,1073777.0,6063.0
246317,WRL ,WRL,World,2020-05-01,3370369.0,88964.0,259034.0,5593.0
246944,WRL ,WRL,World,2022-01-18,335480459.0,3764253.0,5590542.0,9106.0
246467,WRL ,WRL,World,2020-09-28,33425706.0,262754.0,1067714.0,4116.0
246943,WRL ,WRL,World,2022-01-17,331716206.0,2777492.0,5581436.0,6506.0
246466,WRL ,WRL,World,2020-09-27,33162952.0,247064.0,1063598.0,3884.0
246465,WRL ,WRL,World,2020-09-26,32915980.0,285665.0,1059714.0,5431.0
246942,WRL ,WRL,World,2022-01-16,328938714.0,2170858.0,5574930.0,4510.0
246316,WRL ,WRL,World,2020-04-30,3281405.0,83699.0,253447.0,6254.0
246941,WRL ,WRL,World,2022-01-15,326767856.0,2427197.0,5570420.0,6129.0
246464,WRL ,WRL,World,2020-09-25,32630315.0,330005.0,1054283.0,6019.0
246940,WRL ,WRL,World,2022-01-14,324340659.0,3315765.0,5564291.0,7967.0
246463,WRL ,WRL,World,2020-09-24,32300310.0,320899.0,1048264.0,5660.0
246939,WRL ,WRL,World,2022-01-13,321024894.0,3186430.0,5556324.0,8230.0
246462,WRL ,WRL,World,2020-09-23,31979411.0,311639.0,1042604.0,6550.0
246315,WRL ,WRL,World,2020-04-29,3197706.0,78771.0,247193.0,6980.0
246938,WRL ,WRL,World,2022-01-12,317838464.0,3445826.0,5548094.0,9024.0
246461,WRL ,WRL,World,2020-09-22,31667772.0,284298.0,1036054.0,6150.0
246937,WRL ,WRL,World,2022-01-11,314392638.0,3029532.0,5539070.0,9106.0
246460,WRL ,WRL,World,2020-09-21,31383474.0,259928.0,1029904.0,4429.0
246314,WRL ,WRL,World,2020-04-28,3120390.0,75753.0,240213.0,6627.0
246936,WRL ,WRL,World,2022-01-10,311363109.0,3251087.0,5529964.0,6917.0
246459,WRL ,WRL,World,2020-09-20,31123546.0,255105.0,1025475.0,3988.0
246458,WRL ,WRL,World,2020-09-19,30868441.0,293081.0,1021487.0,5273.0
246935,WRL ,WRL,World,2022-01-09,308112022.0,2004460.0,5523048.0,4057.0
246232,WRL ,WRL,World,2020-02-06,30806.0,3162.0,636.0,70.0
246934,WRL ,WRL,World,2022-01-08,306107562.0,2135694.0,5518991.0,5206.0
246457,WRL ,WRL,World,2020-09-18,30575360.0,326623.0,1016214.0,5855.0
246276,WRL ,WRL,World,2020-03-21,304943.0,32433.0,13597.0,1809.0
246313,WRL ,WRL,World,2020-04-27,3044637.0,71026.0,233586.0,5446.0
246933,WRL ,WRL,World,2022-01-07,303971868.0,2952561.0,5513787.0,7247.0
246456,WRL ,WRL,World,2020-09-17,30248737.0,315569.0,1010359.0,5651.0
246932,WRL ,WRL,World,2022-01-06,301019307.0,2668177.0,5506540.0,7057.0
246455,WRL ,WRL,World,2020-09-16,29933168.0,304954.0,1004708.0,5869.0
246931,WRL ,WRL,World,2022-01-05,298351130.0,2583055.0,5498932.0,7777.0
246312,WRL ,WRL,World,2020-04-26,2973611.0,70762.0,228140.0,4817.0
246454,WRL ,WRL,World,2020-09-15,29628214.0,280530.0,998839.0,6564.0
246930,WRL ,WRL,World,2022-01-04,295768075.0,2612745.0,5491155.0,8727.0
246453,WRL ,WRL,World,2020-09-14,29347684.0,267150.0,992275.0,4604.0
246929,WRL ,WRL,World,2022-01-03,293155330.0,2337679.0,5482467.0,5813.0
246222,WRL ,WRL,World,2020-01-27,2929.0,809.0,82.0,26.0
246928,WRL ,WRL,World,2022-01-02,290817657.0,918031.0,5476654.0,3342.0
246452,WRL ,WRL,World,2020-09-13,29080534.0,248823.0,987671.0,3965.0
246311,WRL ,WRL,World,2020-04-25,2902850.0,83149.0,223323.0,6048.0
246927,WRL ,WRL,World,2022-01-01,289899626.0,1202337.0,5473312.0,4262.0
246926,WRL ,WRL,World,2021-12-31,288697289.0,1702121.0,5469050.0,5774.0
246451,WRL ,WRL,World,2020-09-12,28831711.0,288688.0,983706.0,5057.0
246925,WRL ,WRL,World,2021-12-30,286995168.0,1949040.0,5462691.0,7424.0
246450,WRL ,WRL,World,2020-09-11,28543023.0,316356.0,978649.0,6000.0
246924,WRL ,WRL,World,2021-12-29,285046128.0,1703920.0,5455269.0,7954.0
246923,WRL ,WRL,World,2021-12-28,283342208.0,1336176.0,5447316.0,7684.0
246449,WRL ,WRL,World,2020-09-10,28226667.0,304397.0,972650.0,6035.0
246922,WRL ,WRL,World,2021-12-27,282006032.0,1341537.0,5439632.0,6970.0
246310,WRL ,WRL,World,2020-04-24,2819701.0,93602.0,217275.0,6835.0
246921,WRL ,WRL,World,2021-12-26,280664495.0,575486.0,5432662.0,3830.0
246920,WRL ,WRL,World,2021-12-25,280089036.0,681566.0,5428832.0,4313.0
246919,WRL ,WRL,World,2021-12-24,279407470.0,855708.0,5424520.0,5693.0
246448,WRL ,WRL,World,2020-09-09,27922270.0,285293.0,966646.0,6265.0
246918,WRL ,WRL,World,2021-12-23,278551791.0,1011704.0,5418827.0,7258.0
246917,WRL ,WRL,World,2021-12-22,277540087.0,914176.0,5411569.0,10372.0
246916,WRL ,WRL,World,2021-12-21,276625952.0,758432.0,5401197.0,7498.0
246231,WRL ,WRL,World,2020-02-05,27644.0,3745.0,566.0,72.0
246447,WRL ,WRL,World,2020-09-08,27636977.0,246502.0,960381.0,5123.0
246915,WRL ,WRL,World,2021-12-20,275867562.0,809886.0,5393639.0,7284.0
246914,WRL ,WRL,World,2021-12-19,275057676.0,484717.0,5386355.0,4345.0
246913,WRL ,WRL,World,2021-12-18,274572959.0,529736.0,5382010.0,5669.0
246912,WRL ,WRL,World,2021-12-17,274043223.0,767298.0,5376342.0,7300.0
246446,WRL ,WRL,World,2020-09-07,27390475.0,225236.0,955258.0,5771.0
246309,WRL ,WRL,World,2020-04-23,2736133.0,84390.0,210441.0,7272.0
246911,WRL ,WRL,World,2021-12-16,273275925.0,743970.0,5369042.0,7346.0
246910,WRL ,WRL,World,2021-12-15,272531955.0,739971.0,5361696.0,9029.0
246275,WRL ,WRL,World,2020-03-20,272516.0,29532.0,11789.0,1575.0
246909,WRL ,WRL,World,2021-12-14,271791984.0,636583.0,5352667.0,7739.0
246445,WRL ,WRL,World,2020-09-06,27173192.0,228988.0,945635.0,4135.0
246908,WRL ,WRL,World,2021-12-13,271155401.0,693743.0,5344928.0,6938.0
246907,WRL ,WRL,World,2021-12-12,270461658.0,426334.0,5337990.0,4592.0
246906,WRL ,WRL,World,2021-12-11,270035324.0,466779.0,5333398.0,5835.0
246905,WRL ,WRL,World,2021-12-10,269568628.0,693327.0,5327563.0,8014.0
246444,WRL ,WRL,World,2020-09-05,26944204.0,273692.0,941500.0,5095.0
246904,WRL ,WRL,World,2021-12-09,268875333.0,698152.0,5319549.0,8570.0
246903,WRL ,WRL,World,2021-12-08,268177181.0,711055.0,5310979.0,8299.0
246902,WRL ,WRL,World,2021-12-07,267466126.0,639064.0,5302683.0,7728.0
246901,WRL ,WRL,World,2021-12-06,266827062.0,703609.0,5294955.0,7462.0
246443,WRL ,WRL,World,2020-09-04,26670512.0,301721.0,936405.0,5862.0
246900,WRL ,WRL,World,2021-12-05,266123487.0,419530.0,5287493.0,7418.0
246899,WRL ,WRL,World,2021-12-04,265703957.0,471977.0,5280075.0,5518.0
246308,WRL ,WRL,World,2020-04-22,2653452.0,82014.0,203169.0,7275.0
246898,WRL ,WRL,World,2021-12-03,265231980.0,730519.0,5274559.0,8591.0
246897,WRL ,WRL,World,2021-12-02,264501461.0,707309.0,5265968.0,10107.0
246896,WRL ,WRL,World,2021-12-01,263794152.0,702107.0,5255861.0,9247.0
246442,WRL ,WRL,World,2020-09-03,26368791.0,285413.0,930564.0,6099.0
246895,WRL ,WRL,World,2021-11-30,263092045.0,600191.0,5246614.0,8030.0
246894,WRL ,WRL,World,2021-11-29,262491854.0,742097.0,5238584.0,7928.0
246893,WRL ,WRL,World,2021-11-28,261749757.0,389578.0,5230656.0,4902.0
246892,WRL ,WRL,World,2021-11-27,261360179.0,418526.0,5225754.0,5865.0
246891,WRL ,WRL,World,2021-11-26,260941653.0,613385.0,5219889.0,6895.0
246441,WRL ,WRL,World,2020-09-02,26083378.0,281888.0,924465.0,6302.0
246890,WRL ,WRL,World,2021-11-25,260328268.0,597085.0,5212994.0,7854.0
246889,WRL ,WRL,World,2021-11-24,259731183.0,657596.0,5205140.0,8570.0
246888,WRL ,WRL,World,2021-11-23,259073587.0,574940.0,5196570.0,8026.0
246887,WRL ,WRL,World,2021-11-22,258481210.0,704462.0,5188551.0,7455.0
246440,WRL ,WRL,World,2020-09-01,25801502.0,266881.0,918166.0,6615.0
246886,WRL ,WRL,World,2021-11-21,257776748.0,379513.0,5181096.0,4637.0
246885,WRL ,WRL,World,2021-11-20,257397235.0,437826.0,5176459.0,6028.0
246307,WRL ,WRL,World,2020-04-21,2571438.0,76077.0,195894.0,7197.0
246884,WRL ,WRL,World,2021-11-19,256959409.0,614505.0,5170431.0,7981.0
246883,WRL ,WRL,World,2021-11-18,256344904.0,621501.0,5162450.0,8291.0
246882,WRL ,WRL,World,2021-11-17,255723403.0,615096.0,5154160.0,9161.0
246439,WRL ,WRL,World,2020-08-31,25534621.0,264310.0,911559.0,4430.0
246881,WRL ,WRL,World,2021-11-16,255108307.0,506724.0,5144999.0,7615.0
246880,WRL ,WRL,World,2021-11-15,254601583.0,601431.0,5137384.0,7124.0
246879,WRL ,WRL,World,2021-11-14,254000152.0,348050.0,5130260.0,4727.0
246878,WRL ,WRL,World,2021-11-13,253652102.0,395566.0,5125533.0,6289.0
246877,WRL ,WRL,World,2021-11-12,253256536.0,599554.0,5119244.0,9002.0
246438,WRL ,WRL,World,2020-08-30,25270311.0,219727.0,907129.0,4274.0
246876,WRL ,WRL,World,2021-11-11,252656982.0,521082.0,5110243.0,7674.0
246875,WRL ,WRL,World,2021-11-10,252136307.0,573504.0,5102569.0,8270.0
246874,WRL ,WRL,World,2021-11-09,251562851.0,469281.0,5094299.0,8005.0
246873,WRL ,WRL,World,2021-11-08,251093570.0,524897.0,5086294.0,6824.0
246872,WRL ,WRL,World,2021-11-07,250568673.0,340585.0,5079471.0,4615.0
246437,WRL ,WRL,World,2020-08-29,25050584.0,260710.0,902855.0,5787.0
246871,WRL ,WRL,World,2021-11-06,250228088.0,405645.0,5074856.0,6643.0
246870,WRL ,WRL,World,2021-11-05,249822443.0,524181.0,5068213.0,8585.0
246306,WRL ,WRL,World,2020-04-20,2495361.0,76481.0,188697.0,6511.0
246869,WRL ,WRL,World,2021-11-04,249298262.0,517428.0,5059628.0,7570.0
246868,WRL ,WRL,World,2021-11-03,248780834.0,524730.0,5052058.0,8465.0
246867,WRL ,WRL,World,2021-11-02,248256104.0,404322.0,5043593.0,7057.0
246436,WRL ,WRL,World,2020-08-28,24789874.0,285278.0,897068.0,5820.0
246866,WRL ,WRL,World,2021-11-01,247851782.0,457553.0,5036536.0,6490.0
246865,WRL ,WRL,World,2021-10-31,247394229.0,348736.0,5030046.0,4635.0
246864,WRL ,WRL,World,2021-10-30,247045493.0,374496.0,5025411.0,6002.0
246863,WRL ,WRL,World,2021-10-29,246670997.0,494080.0,5019409.0,7820.0
246862,WRL ,WRL,World,2021-10-28,246176917.0,482978.0,5011589.0,8932.0
246861,WRL ,WRL,World,2021-10-27,245693939.0,513952.0,5002657.0,9144.0
246860,WRL ,WRL,World,2021-10-26,245179987.0,426388.0,4993513.0,7743.0
246435,WRL ,WRL,World,2020-08-27,24505944.0,287253.0,891248.0,6215.0
246859,WRL ,WRL,World,2021-10-25,244753599.0,452316.0,4985770.0,6902.0
246858,WRL ,WRL,World,2021-10-24,244301293.0,309135.0,4978868.0,4640.0
246857,WRL ,WRL,World,2021-10-23,243992158.0,370196.0,4974228.0,5887.0
246856,WRL ,WRL,World,2021-10-22,243621962.0,492762.0,4968342.0,8170.0
246855,WRL ,WRL,World,2021-10-21,243129200.0,462001.0,4960172.0,7760.0
246274,WRL ,WRL,World,2020-03-19,242986.0,27087.0,10214.0,1144.0
246854,WRL ,WRL,World,2021-10-20,242667199.0,476275.0,4952412.0,8669.0
246853,WRL ,WRL,World,2021-10-19,242190924.0,431518.0,4943743.0,7987.0
246434,WRL ,WRL,World,2020-08-26,24218691.0,281681.0,885033.0,6669.0
246305,WRL ,WRL,World,2020-04-19,2418880.0,76315.0,182186.0,6100.0
246852,WRL ,WRL,World,2021-10-18,241759406.0,427725.0,4935756.0,6600.0
246851,WRL ,WRL,World,2021-10-17,241331682.0,313228.0,4929157.0,4361.0
246850,WRL ,WRL,World,2021-10-16,241018454.0,341312.0,4924797.0,5344.0
246849,WRL ,WRL,World,2021-10-15,240677142.0,457948.0,4919454.0,7206.0
246848,WRL ,WRL,World,2021-10-14,240219194.0,454421.0,4912248.0,8009.0
246847,WRL ,WRL,World,2021-10-13,239765869.0,456443.0,4904239.0,8906.0
246433,WRL ,WRL,World,2020-08-25,23937010.0,245200.0,878481.0,6568.0
246846,WRL ,WRL,World,2021-10-12,239309426.0,438157.0,4895333.0,7978.0
246230,WRL ,WRL,World,2020-02-04,23899.0,4012.0,494.0,66.0
246845,WRL ,WRL,World,2021-10-11,238871269.0,387931.0,4887355.0,5964.0
246844,WRL ,WRL,World,2021-10-10,238483338.0,316389.0,4881392.0,4758.0
246843,WRL ,WRL,World,2021-10-09,238166949.0,340191.0,4876634.0,4823.0
246842,WRL ,WRL,World,2021-10-08,237826781.0,475399.0,4871811.0,7773.0
246841,WRL ,WRL,World,2021-10-07,237351382.0,461810.0,4864251.0,8969.0
246432,WRL ,WRL,World,2020-08-24,23691810.0,228200.0,871913.0,4836.0
246840,WRL ,WRL,World,2021-10-06,236889572.0,507041.0,4855290.0,9135.0
246839,WRL ,WRL,World,2021-10-05,236382531.0,422792.0,4846155.0,7372.0
246838,WRL ,WRL,World,2021-10-04,235959739.0,447026.0,4838783.0,7240.0
246837,WRL ,WRL,World,2021-10-03,235512713.0,309017.0,4831543.0,4360.0
246836,WRL ,WRL,World,2021-10-02,235203696.0,350642.0,4827183.0,5916.0
246835,WRL ,WRL,World,2021-10-01,234853054.0,521979.0,4821267.0,8634.0
246431,WRL ,WRL,World,2020-08-23,23463710.0,202748.0,867077.0,4334.0
246834,WRL ,WRL,World,2021-09-30,234331075.0,489880.0,4812633.0,8878.0
246304,WRL ,WRL,World,2020-04-18,2342565.0,78220.0,176086.0,6427.0
246833,WRL ,WRL,World,2021-09-29,233841195.0,490999.0,4803755.0,9295.0
246832,WRL ,WRL,World,2021-09-28,233350196.0,450937.0,4794460.0,9377.0
246831,WRL ,WRL,World,2021-09-27,232899259.0,482724.0,4785083.0,7780.0
246430,WRL ,WRL,World,2020-08-22,23260962.0,263526.0,862743.0,5782.0
246830,WRL ,WRL,World,2021-09-26,232416535.0,355762.0,4777303.0,5531.0
246829,WRL ,WRL,World,2021-09-25,232060773.0,374091.0,4771772.0,5478.0
246828,WRL ,WRL,World,2021-09-24,231686805.0,549223.0,4766294.0,8698.0
246827,WRL ,WRL,World,2021-09-23,231137582.0,547612.0,4757596.0,9848.0
246826,WRL ,WRL,World,2021-09-22,230589970.0,535005.0,4747748.0,9723.0
246825,WRL ,WRL,World,2021-09-21,230054965.0,488683.0,4738025.0,9360.0
246429,WRL ,WRL,World,2020-08-21,22997436.0,261960.0,856961.0,6195.0
246824,WRL ,WRL,World,2021-09-20,229566282.0,530135.0,4728665.0,8402.0
246823,WRL ,WRL,World,2021-09-19,229036147.0,363350.0,4720293.0,6093.0
246822,WRL ,WRL,World,2021-09-18,228672797.0,398954.0,4714200.0,6490.0
246821,WRL ,WRL,World,2021-09-17,228148965.0,623209.0,4707710.0,9053.0
246820,WRL ,WRL,World,2021-09-16,227525756.0,587387.0,4698657.0,10520.0
246428,WRL ,WRL,World,2020-08-20,22735476.0,271469.0,851209.0,6447.0
246819,WRL ,WRL,World,2021-09-15,226938369.0,568080.0,4688137.0,10433.0
246303,WRL ,WRL,World,2020-04-17,2264346.0,87863.0,169659.0,7592.0
246818,WRL ,WRL,World,2021-09-14,226371465.0,549801.0,4677704.0,9910.0
246817,WRL ,WRL,World,2021-09-13,225821664.0,577838.0,4667794.0,9162.0
246816,WRL ,WRL,World,2021-09-12,225243826.0,371314.0,4658632.0,5664.0
246815,WRL ,WRL,World,2021-09-11,224872512.0,468487.0,4652968.0,8370.0
246427,WRL ,WRL,World,2020-08-19,22464007.0,277467.0,844762.0,6407.0
246814,WRL ,WRL,World,2021-09-10,224404025.0,658689.0,4644599.0,9185.0
246813,WRL ,WRL,World,2021-09-09,223745336.0,640252.0,4635414.0,10750.0
246812,WRL ,WRL,World,2021-09-08,223105084.0,637629.0,4624664.0,10097.0
246811,WRL ,WRL,World,2021-09-07,222467455.0,656401.0,4614567.0,10469.0
246426,WRL ,WRL,World,2020-08-18,22186540.0,259418.0,838356.0,7056.0
246810,WRL ,WRL,World,2021-09-06,221811054.0,477695.0,4604101.0,8157.0
246809,WRL ,WRL,World,2021-09-05,221333372.0,446864.0,4595944.0,6579.0
246808,WRL ,WRL,World,2021-09-04,220886508.0,496665.0,4589367.0,7767.0
246807,WRL ,WRL,World,2021-09-03,220389843.0,723569.0,4581600.0,10726.0
246806,WRL ,WRL,World,2021-09-02,219666275.0,678458.0,4570874.0,11207.0
246425,WRL ,WRL,World,2020-08-17,21927122.0,212885.0,831300.0,4642.0
246805,WRL ,WRL,World,2021-09-01,218989524.0,719121.0,4559667.0,12422.0
246804,WRL ,WRL,World,2021-08-31,218270403.0,620578.0,4547245.0,9598.0
246803,WRL ,WRL,World,2021-08-30,217649825.0,671767.0,4537928.0,9569.0
246302,WRL ,WRL,World,2020-04-16,2176483.0,94454.0,160772.0,7708.0
246424,WRL ,WRL,World,2020-08-16,21714237.0,210077.0,826658.0,4804.0
246802,WRL ,WRL,World,2021-08-29,216978058.0,446739.0,4528359.0,6824.0
246801,WRL ,WRL,World,2021-08-28,216531319.0,557158.0,4521535.0,8433.0
246800,WRL ,WRL,World,2021-08-27,215974161.0,751094.0,4513102.0,10411.0
246273,WRL ,WRL,World,2020-03-18,215899.0,17560.0,9072.0,954.0
246799,WRL ,WRL,World,2021-08-26,215223067.0,736469.0,4502691.0,11595.0
246423,WRL ,WRL,World,2020-08-15,21504202.0,249015.0,821854.0,6032.0
246798,WRL ,WRL,World,2021-08-25,214486598.0,737395.0,4491096.0,11316.0
246797,WRL ,WRL,World,2021-08-24,213749203.0,676685.0,4479780.0,11023.0
246796,WRL ,WRL,World,2021-08-23,213072518.0,683974.0,4468757.0,10054.0
246422,WRL ,WRL,World,2020-08-14,21255187.0,307084.0,815822.0,6586.0
246795,WRL ,WRL,World,2021-08-22,212388544.0,447987.0,4458703.0,7780.0
246221,WRL ,WRL,World,2020-01-26,2120.0,683.0,56.0,14.0
246794,WRL ,WRL,World,2021-08-21,211940557.0,559000.0,4450923.0,8920.0
246793,WRL ,WRL,World,2021-08-20,211381557.0,785307.0,4442003.0,10500.0
246792,WRL ,WRL,World,2021-08-19,210596250.0,711577.0,4431503.0,11453.0
246791,WRL ,WRL,World,2021-08-18,209884673.0,735613.0,4420050.0,10820.0
246421,WRL ,WRL,World,2020-08-13,20948103.0,290116.0,809237.0,6793.0
246790,WRL ,WRL,World,2021-08-17,209149060.0,682608.0,4409230.0,10707.0
246789,WRL ,WRL,World,2021-08-16,208466452.0,664231.0,4398523.0,9858.0
246301,WRL ,WRL,World,2020-04-15,2082029.0,78259.0,153064.0,8765.0
246788,WRL ,WRL,World,2021-08-15,207802221.0,466601.0,4388665.0,7448.0
246787,WRL ,WRL,World,2021-08-14,207335620.0,552895.0,4381218.0,8732.0
246786,WRL ,WRL,World,2021-08-13,206782725.0,801784.0,4372486.0,10471.0
246420,WRL ,WRL,World,2020-08-12,20658003.0,275076.0,802444.0,6952.0
246785,WRL ,WRL,World,2021-08-12,205980941.0,705744.0,4362015.0,10513.0
246784,WRL ,WRL,World,2021-08-11,205275197.0,730640.0,4351502.0,10523.0
246783,WRL ,WRL,World,2021-08-10,204544557.0,645670.0,4340979.0,11528.0
246782,WRL ,WRL,World,2021-08-09,203898887.0,618979.0,4329451.0,8826.0
246419,WRL ,WRL,World,2020-08-11,20382927.0,265561.0,795494.0,6615.0
246781,WRL ,WRL,World,2021-08-08,203279908.0,467638.0,4320625.0,7492.0
246780,WRL ,WRL,World,2021-08-07,202812270.0,561220.0,4313133.0,8676.0
246779,WRL ,WRL,World,2021-08-06,202251050.0,819408.0,4304462.0,10476.0
246778,WRL ,WRL,World,2021-08-05,201431642.0,685511.0,4293990.0,10991.0
246418,WRL ,WRL,World,2020-08-10,20117367.0,233219.0,788879.0,5378.0
246777,WRL ,WRL,World,2021-08-04,200746131.0,680390.0,4283000.0,10494.0
246300,WRL ,WRL,World,2020-04-14,2003770.0,84603.0,144299.0,7358.0
246776,WRL ,WRL,World,2021-08-03,200065741.0,634179.0,4272512.0,10352.0
246775,WRL ,WRL,World,2021-08-02,199431562.0,570982.0,4262160.0,8122.0
246229,WRL ,WRL,World,2020-02-03,19887.0,3100.0,428.0,64.0
246774,WRL ,WRL,World,2021-08-01,198860580.0,482956.0,4254038.0,7417.0
246417,WRL ,WRL,World,2020-08-09,19884148.0,232995.0,783501.0,5194.0
246773,WRL ,WRL,World,2021-07-31,198377624.0,517216.0,4246621.0,8843.0
246272,WRL ,WRL,World,2020-03-17,198339.0,15174.0,8118.0,851.0
246772,WRL ,WRL,World,2021-07-30,197860408.0,732244.0,4237778.0,9604.0
246771,WRL ,WRL,World,2021-07-29,197128164.0,642813.0,4228175.0,10265.0
246416,WRL ,WRL,World,2020-08-08,19651155.0,265229.0,778307.0,6040.0
246770,WRL ,WRL,World,2021-07-28,196485351.0,649882.0,4217910.0,10125.0
246769,WRL ,WRL,World,2021-07-27,195835469.0,606205.0,4207785.0,9791.0
246768,WRL ,WRL,World,2021-07-26,195229264.0,540438.0,4197995.0,8506.0
246767,WRL ,WRL,World,2021-07-25,194688826.0,445437.0,4189489.0,7380.0
246766,WRL ,WRL,World,2021-07-24,194243389.0,491120.0,4182109.0,8664.0
246415,WRL ,WRL,World,2020-08-07,19385926.0,282432.0,772267.0,6754.0
246765,WRL ,WRL,World,2021-07-23,193811644.0,727907.0,4173445.0,8331.0
246764,WRL ,WRL,World,2021-07-22,193083737.0,564932.0,4165114.0,8781.0
246763,WRL ,WRL,World,2021-07-21,192518805.0,555787.0,4156333.0,8666.0
246762,WRL ,WRL,World,2021-07-20,191963018.0,532157.0,4147667.0,11916.0
246299,WRL ,WRL,World,2020-04-13,1919167.0,71824.0,136943.0,6512.0
246761,WRL ,WRL,World,2021-07-19,191430861.0,489208.0,4126965.0,7226.0
246414,WRL ,WRL,World,2020-08-06,19103494.0,286719.0,765517.0,6834.0
246760,WRL ,WRL,World,2021-07-18,190941653.0,419764.0,4119739.0,6602.0
246759,WRL ,WRL,World,2021-07-17,190521889.0,488655.0,4113137.0,7510.0
246758,WRL ,WRL,World,2021-07-16,190033234.0,595643.0,4105627.0,8761.0
246757,WRL ,WRL,World,2021-07-15,189437591.0,576218.0,4096866.0,8636.0
246756,WRL ,WRL,World,2021-07-14,188861373.0,537747.0,4088230.0,8597.0
246755,WRL ,WRL,World,2021-07-13,188323626.0,525509.0,4079636.0,8383.0
246413,WRL ,WRL,World,2020-08-05,18816775.0,275153.0,758683.0,7404.0
246754,WRL ,WRL,World,2021-07-12,187798117.0,434018.0,4071253.0,8145.0
246753,WRL ,WRL,World,2021-07-11,187364099.0,369727.0,4063108.0,7633.0
246752,WRL ,WRL,World,2021-07-10,186994372.0,420934.0,4055475.0,7254.0
246751,WRL ,WRL,World,2021-07-09,186573438.0,513091.0,4048911.0,8416.0
246750,WRL ,WRL,World,2021-07-08,186060347.0,481784.0,4040495.0,8919.0
246749,WRL ,WRL,World,2021-07-07,185578563.0,465165.0,4031576.0,8555.0
246412,WRL ,WRL,World,2020-08-04,18541622.0,265316.0,751279.0,7177.0
246748,WRL ,WRL,World,2021-07-06,185113398.0,450439.0,4023022.0,8484.0
246298,WRL ,WRL,World,2020-04-12,1847343.0,118581.0,130431.0,6514.0
246747,WRL ,WRL,World,2021-07-05,184662959.0,377867.0,4014538.0,7392.0
246746,WRL ,WRL,World,2021-07-04,184285092.0,327655.0,4007146.0,6641.0
246745,WRL ,WRL,World,2021-07-03,183957437.0,373759.0,4000506.0,6901.0
246744,WRL ,WRL,World,2021-07-02,183583678.0,442277.0,3993605.0,8373.0
246271,WRL ,WRL,World,2020-03-16,183165.0,14567.0,7268.0,716.0
246743,WRL ,WRL,World,2021-07-01,183141401.0,435489.0,3985232.0,8541.0
246411,WRL ,WRL,World,2020-08-03,18276306.0,206074.0,744105.0,4830.0
246742,WRL ,WRL,World,2021-06-30,182705912.0,399457.0,3976691.0,9208.0
246741,WRL ,WRL,World,2021-06-29,182306478.0,381192.0,3967485.0,8160.0
246740,WRL ,WRL,World,2021-06-28,181925286.0,332992.0,3959325.0,6561.0
246739,WRL ,WRL,World,2021-06-27,181592294.0,311207.0,3952764.0,6094.0
246738,WRL ,WRL,World,2021-06-26,181281087.0,362883.0,3946670.0,7543.0
246737,WRL ,WRL,World,2021-06-25,180918204.0,417653.0,3939127.0,9234.0
246410,WRL ,WRL,World,2020-08-02,18070233.0,230603.0,739275.0,4689.0
246736,WRL ,WRL,World,2021-06-24,180500551.0,409239.0,3929893.0,8659.0
246735,WRL ,WRL,World,2021-06-23,180091312.0,396616.0,3921234.0,9346.0
246734,WRL ,WRL,World,2021-06-22,179694696.0,410212.0,3911888.0,8988.0
246733,WRL ,WRL,World,2021-06-21,179284484.0,296648.0,3902900.0,6983.0
246732,WRL ,WRL,World,2021-06-20,178987836.0,304758.0,3895917.0,6867.0
246731,WRL ,WRL,World,2021-06-19,178683078.0,347295.0,3889050.0,8081.0
246409,WRL ,WRL,World,2020-08-01,17839630.0,246248.0,734599.0,6012.0
246730,WRL ,WRL,World,2021-06-18,178335783.0,403501.0,3880969.0,9194.0
246729,WRL ,WRL,World,2021-06-17,177932282.0,395996.0,3871775.0,9300.0
246728,WRL ,WRL,World,2021-06-16,177536286.0,389167.0,3862476.0,10082.0
246727,WRL ,WRL,World,2021-06-15,177147119.0,374760.0,3852394.0,10751.0
246726,WRL ,WRL,World,2021-06-14,176772359.0,309290.0,3841643.0,7996.0
246725,WRL ,WRL,World,2021-06-13,176463069.0,302796.0,3833649.0,9271.0
246724,WRL ,WRL,World,2021-06-12,176160273.0,368374.0,3824378.0,9809.0
246408,WRL ,WRL,World,2020-07-31,17593382.0,287454.0,728587.0,6587.0
246723,WRL ,WRL,World,2021-06-11,175791899.0,422038.0,3814569.0,11740.0
246722,WRL ,WRL,World,2021-06-10,175369861.0,453505.0,3802829.0,8607.0
246721,WRL ,WRL,World,2021-06-09,174916356.0,418288.0,3786848.0,10183.0
246720,WRL ,WRL,World,2021-06-08,174498068.0,370113.0,3776665.0,10655.0
246719,WRL ,WRL,World,2021-06-07,174127955.0,321763.0,3766010.0,8079.0
246718,WRL ,WRL,World,2021-06-06,173806192.0,322980.0,3757932.0,7306.0
246717,WRL ,WRL,World,2021-06-05,173483212.0,396652.0,3750626.0,9411.0
246716,WRL ,WRL,World,2021-06-04,173086560.0,424897.0,3741215.0,10660.0
246407,WRL ,WRL,World,2020-07-30,17305928.0,281763.0,722000.0,6776.0
246297,WRL ,WRL,World,2020-04-11,1728783.0,75484.0,123917.0,6982.0
246715,WRL ,WRL,World,2021-06-03,172661663.0,480509.0,3730555.0,10164.0
246714,WRL ,WRL,World,2021-06-02,172181154.0,487623.0,3720395.0,11921.0
246713,WRL ,WRL,World,2021-06-01,171693531.0,460000.0,3708474.0,10942.0
246712,WRL ,WRL,World,2021-05-31,171233531.0,387054.0,3693260.0,8696.0
246711,WRL ,WRL,World,2021-05-30,170846477.0,389945.0,3684564.0,8400.0
246710,WRL ,WRL,World,2021-05-29,170456532.0,480424.0,3676164.0,10808.0
246406,WRL ,WRL,World,2020-07-29,17024165.0,270238.0,715228.0,6648.0
246709,WRL ,WRL,World,2021-05-28,169976108.0,505511.0,3665356.0,12021.0
246708,WRL ,WRL,World,2021-05-27,169470597.0,546893.0,3653335.0,12940.0
246707,WRL ,WRL,World,2021-05-26,168923704.0,568444.0,3640395.0,12806.0
246270,WRL ,WRL,World,2020-03-15,168598.0,11233.0,6552.0,666.0
246706,WRL ,WRL,World,2021-05-25,168355260.0,533407.0,3627589.0,12983.0
246228,WRL ,WRL,World,2020-02-02,16787.0,4749.0,364.0,104.0
246705,WRL ,WRL,World,2021-05-24,167821853.0,451073.0,3614606.0,9150.0
246405,WRL ,WRL,World,2020-07-28,16753927.0,263876.0,708580.0,6935.0
246704,WRL ,WRL,World,2021-05-23,167370781.0,481618.0,3605456.0,9862.0
246703,WRL ,WRL,World,2021-05-22,166889163.0,572361.0,3595594.0,11445.0
246702,WRL ,WRL,World,2021-05-21,166316802.0,626473.0,3584149.0,12978.0
246701,WRL ,WRL,World,2021-05-20,165690329.0,631156.0,3571171.0,13179.0
246700,WRL ,WRL,World,2021-05-19,165408019.0,672058.0,3557992.0,13457.0
246296,WRL ,WRL,World,2020-04-10,1653299.0,86421.0,116935.0,7740.0
246404,WRL ,WRL,World,2020-07-27,16490051.0,234395.0,701645.0,5321.0
246699,WRL ,WRL,World,2021-05-18,164735961.0,621999.0,3544535.0,14077.0
246698,WRL ,WRL,World,2021-05-17,164116326.0,543533.0,3530458.0,11330.0
246697,WRL ,WRL,World,2021-05-16,163572793.0,546621.0,3519128.0,10302.0
246696,WRL ,WRL,World,2021-05-15,163026172.0,631611.0,3508826.0,12284.0
246403,WRL ,WRL,World,2020-07-26,16255660.0,211799.0,696342.0,4385.0
246695,WRL ,WRL,World,2021-05-14,162394561.0,709569.0,3496542.0,13028.0
246694,WRL ,WRL,World,2021-05-13,161684992.0,734701.0,3483514.0,13440.0
246693,WRL ,WRL,World,2021-05-12,160950291.0,767489.0,3470074.0,14140.0
246402,WRL ,WRL,World,2020-07-25,16043861.0,249547.0,691957.0,6084.0
246692,WRL ,WRL,World,2021-05-11,160182802.0,725823.0,3455934.0,14171.0
246691,WRL ,WRL,World,2021-05-10,159456996.0,625642.0,3441763.0,11092.0
246690,WRL ,WRL,World,2021-05-09,158831354.0,649405.0,3430671.0,10474.0
246689,WRL ,WRL,World,2021-05-08,158181950.0,788304.0,3420197.0,13329.0
246401,WRL ,WRL,World,2020-07-24,15794314.0,283501.0,685873.0,6442.0
246688,WRL ,WRL,World,2021-05-07,157393646.0,834829.0,3406868.0,14470.0
246269,WRL ,WRL,World,2020-03-14,157365.0,10888.0,5886.0,426.0
246295,WRL ,WRL,World,2020-04-09,1566878.0,87161.0,109195.0,8153.0
246687,WRL ,WRL,World,2021-05-06,156558817.0,872844.0,3392401.0,14576.0
246686,WRL ,WRL,World,2021-05-05,155685973.0,842012.0,3377825.0,14905.0
246400,WRL ,WRL,World,2020-07-23,15510813.0,279642.0,679431.0,6657.0
246685,WRL ,WRL,World,2021-05-04,154843961.0,784960.0,3362920.0,14092.0
246684,WRL ,WRL,World,2021-05-03,154059001.0,690446.0,3348828.0,11685.0
246683,WRL ,WRL,World,2021-05-02,153368555.0,687269.0,3337143.0,10326.0
246682,WRL ,WRL,World,2021-05-01,152681286.0,794906.0,3326817.0,13040.0
246399,WRL ,WRL,World,2020-07-22,15231172.0,275355.0,672774.0,7400.0
246681,WRL ,WRL,World,2021-04-30,151886380.0,891369.0,3313777.0,14423.0
246680,WRL ,WRL,World,2021-04-29,150995011.0,894047.0,3299354.0,15740.0
246679,WRL ,WRL,World,2021-04-28,150100964.0,898811.0,3283614.0,15946.0
246398,WRL ,WRL,World,2020-07-21,14955819.0,243121.0,665374.0,6374.0
246678,WRL ,WRL,World,2021-04-27,149202153.0,839111.0,3267668.0,15001.0
246677,WRL ,WRL,World,2021-04-26,148363042.0,689042.0,3252667.0,11633.0
246294,WRL ,WRL,World,2020-04-08,1479717.0,82153.0,101042.0,7220.0
246676,WRL ,WRL,World,2021-04-25,147674000.0,728480.0,3241034.0,10773.0
246397,WRL ,WRL,World,2020-07-20,14712808.0,208173.0,659013.0,3943.0
246675,WRL ,WRL,World,2021-04-24,146945520.0,824223.0,3230261.0,13132.0
246268,WRL ,WRL,World,2020-03-13,146477.0,13194.0,5460.0,503.0
246674,WRL ,WRL,World,2021-04-23,146121297.0,907669.0,3217129.0,15260.0
246673,WRL ,WRL,World,2021-04-22,145213636.0,899407.0,3201869.0,13923.0
246396,WRL ,WRL,World,2020-07-19,14504635.0,211887.0,655070.0,4913.0
246672,WRL ,WRL,World,2021-04-21,144314229.0,889236.0,3187946.0,14755.0
246220,WRL ,WRL,World,2020-01-25,1437.0,493.0,42.0,16.0
246671,WRL ,WRL,World,2021-04-20,143424993.0,839491.0,3173191.0,14294.0
246395,WRL ,WRL,World,2020-07-18,14292748.0,235321.0,650157.0,6533.0
246670,WRL ,WRL,World,2021-04-19,142585502.0,690930.0,3158897.0,11134.0
246669,WRL ,WRL,World,2021-04-18,141894572.0,700107.0,3147763.0,9136.0
246668,WRL ,WRL,World,2021-04-17,141194465.0,794044.0,3138627.0,12615.0
246394,WRL ,WRL,World,2020-07-17,14057427.0,237438.0,643626.0,5963.0
246667,WRL ,WRL,World,2021-04-16,140400474.0,859846.0,3126012.0,13379.0
246293,WRL ,WRL,World,2020-04-07,1397564.0,72426.0,93822.0,8515.0
246666,WRL ,WRL,World,2021-04-15,139540628.0,821236.0,3112633.0,13658.0
246665,WRL ,WRL,World,2021-04-14,138719392.0,811320.0,3098975.0,14094.0
246393,WRL ,WRL,World,2020-07-16,13819989.0,244897.0,636606.0,6172.0
246664,WRL ,WRL,World,2021-04-13,137908072.0,763821.0,3084881.0,13796.0
246663,WRL ,WRL,World,2021-04-12,137144251.0,613843.0,3071085.0,9906.0
246662,WRL ,WRL,World,2021-04-11,136530408.0,709606.0,3061179.0,9122.0
246661,WRL ,WRL,World,2021-04-10,135820802.0,670645.0,3052057.0,13008.0
246392,WRL ,WRL,World,2020-07-15,13575092.0,229776.0,630434.0,5926.0
246660,WRL ,WRL,World,2021-04-09,135150157.0,752184.0,3039049.0,14346.0
246659,WRL ,WRL,World,2021-04-08,134402833.0,836057.0,3024703.0,14305.0
246658,WRL ,WRL,World,2021-04-07,133566776.0,663157.0,3010398.0,15363.0
246391,WRL ,WRL,World,2020-07-14,13345316.0,221002.0,624508.0,5978.0
246267,WRL ,WRL,World,2020-03-12,133283.0,6756.0,4957.0,321.0
246657,WRL ,WRL,World,2021-04-06,132903619.0,607495.0,2995035.0,12457.0
246292,WRL ,WRL,World,2020-04-06,1328632.0,74670.0,85307.0,6428.0
246656,WRL ,WRL,World,2021-04-05,132296124.0,496989.0,2982578.0,8254.0
246655,WRL ,WRL,World,2021-04-04,131799135.0,559922.0,2974324.0,7429.0
246390,WRL ,WRL,World,2020-07-13,13124314.0,194478.0,618532.0,4427.0
246654,WRL ,WRL,World,2021-04-03,131239213.0,540356.0,2966895.0,9340.0
246653,WRL ,WRL,World,2021-04-02,130698857.0,644802.0,2957555.0,10647.0
246652,WRL ,WRL,World,2021-04-01,130054055.0,709827.0,2946908.0,12303.0
246651,WRL ,WRL,World,2021-03-31,129344228.0,673904.0,2934605.0,12928.0
246389,WRL ,WRL,World,2020-07-12,12929836.0,192928.0,614105.0,4314.0
246650,WRL ,WRL,World,2021-03-30,128670324.0,562206.0,2921677.0,11908.0
246649,WRL ,WRL,World,2021-03-29,128108118.0,459273.0,2909773.0,8665.0
246648,WRL ,WRL,World,2021-03-28,127648845.0,492654.0,2901108.0,7285.0
246388,WRL ,WRL,World,2020-07-11,12736908.0,212799.0,609791.0,5129.0
246647,WRL ,WRL,World,2021-03-27,127156191.0,584545.0,2893823.0,10211.0
246646,WRL ,WRL,World,2021-03-26,126571646.0,640037.0,2883612.0,12773.0
246266,WRL ,WRL,World,2020-03-11,126527.0,7504.0,4636.0,352.0
246645,WRL ,WRL,World,2021-03-25,125931609.0,652189.0,2870839.0,11554.0
246291,WRL ,WRL,World,2020-04-05,1253962.0,71696.0,78879.0,5920.0
246644,WRL ,WRL,World,2021-03-24,125279420.0,631709.0,2859285.0,10673.0
246387,WRL ,WRL,World,2020-07-10,12524109.0,233101.0,604662.0,5747.0
246643,WRL ,WRL,World,2021-03-23,124649712.0,505855.0,2848612.0,11457.0
246642,WRL ,WRL,World,2021-03-22,124143857.0,423403.0,2837155.0,7967.0
246641,WRL ,WRL,World,2021-03-21,123722668.0,440464.0,2829188.0,8554.0
246640,WRL ,WRL,World,2021-03-20,123282204.0,498448.0,2820634.0,8787.0
246386,WRL ,WRL,World,2020-07-09,12291008.0,224571.0,598916.0,5846.0
246639,WRL ,WRL,World,2021-03-19,122783756.0,562541.0,2811847.0,10819.0
246638,WRL ,WRL,World,2021-03-18,122221215.0,547936.0,2801028.0,10720.0
246637,WRL ,WRL,World,2021-03-17,121673279.0,545719.0,2790308.0,10590.0
246636,WRL ,WRL,World,2021-03-16,121127560.0,467044.0,2779718.0,10621.0
246385,WRL ,WRL,World,2020-07-08,12066437.0,215262.0,593070.0,5632.0
246635,WRL ,WRL,World,2021-03-15,120660516.0,354079.0,2769097.0,7564.0
246227,WRL ,WRL,World,2020-02-01,12038.0,2111.0,260.0,46.0
246634,WRL ,WRL,World,2021-03-14,120306437.0,365072.0,2761533.0,5921.0
246633,WRL ,WRL,World,2021-03-13,119941365.0,455615.0,2755615.0,8609.0
246632,WRL ,WRL,World,2021-03-12,119485750.0,489257.0,2747006.0,9860.0
246265,WRL ,WRL,World,2020-03-10,119051.0,4759.0,4284.0,275.0
246631,WRL ,WRL,World,2021-03-11,118996493.0,489699.0,2737146.0,10214.0
246384,WRL ,WRL,World,2020-07-07,11851175.0,209581.0,587442.0,6360.0
246630,WRL ,WRL,World,2021-03-10,118506794.0,458864.0,2726932.0,10156.0
246290,WRL ,WRL,World,2020-04-04,1182266.0,77156.0,72959.0,6590.0
246629,WRL ,WRL,World,2021-03-09,118047930.0,414053.0,2716776.0,10495.0
246628,WRL ,WRL,World,2021-03-08,117633877.0,305466.0,2706281.0,7190.0
246627,WRL ,WRL,World,2021-03-07,117328411.0,374439.0,2699091.0,6080.0
246626,WRL ,WRL,World,2021-03-06,116953972.0,414033.0,2693011.0,8321.0
246625,WRL ,WRL,World,2021-03-05,116539939.0,449116.0,2684690.0,10483.0
246383,WRL ,WRL,World,2020-07-06,11641594.0,168280.0,581082.0,4279.0
246624,WRL ,WRL,World,2021-03-04,116090823.0,458444.0,2674207.0,10463.0
246623,WRL ,WRL,World,2021-03-03,115632379.0,441859.0,2663745.0,11505.0
246622,WRL ,WRL,World,2021-03-02,115190520.0,387617.0,2652240.0,10249.0
246621,WRL ,WRL,World,2021-03-01,114877250.0,305494.0,2641991.0,7607.0
246382,WRL ,WRL,World,2020-07-05,11473314.0,186215.0,576803.0,3838.0
246620,WRL ,WRL,World,2021-02-28,114571756.0,307779.0,2634384.0,6498.0
246264,WRL ,WRL,World,2020-03-09,114292.0,4295.0,4009.0,194.0
246619,WRL ,WRL,World,2021-02-27,114263977.0,396739.0,2627886.0,8731.0
246618,WRL ,WRL,World,2021-02-26,113867238.0,441959.0,2619155.0,10557.0
246617,WRL ,WRL,World,2021-02-25,113425279.0,452976.0,2608598.0,10907.0
246616,WRL ,WRL,World,2021-02-24,112972303.0,444964.0,2597691.0,12446.0
246381,WRL ,WRL,World,2020-07-04,11287099.0,189705.0,572969.0,4795.0
246615,WRL ,WRL,World,2021-02-23,112527339.0,392740.0,2585245.0,11482.0
246289,WRL ,WRL,World,2020-04-03,1122187.0,84194.0,66601.0,6500.0
246614,WRL ,WRL,World,2021-02-22,112134599.0,295563.0,2573763.0,7252.0
246613,WRL ,WRL,World,2021-02-21,111839036.0,319553.0,2566511.0,6790.0
246612,WRL ,WRL,World,2021-02-20,111519483.0,375195.0,2559721.0,9110.0
246611,WRL ,WRL,World,2021-02-19,111144288.0,409640.0,2550611.0,11653.0
246380,WRL ,WRL,World,2020-07-03,11097394.0,202626.0,568176.0,5243.0
246610,WRL ,WRL,World,2021-02-18,110734648.0,410791.0,2538958.0,11990.0
246609,WRL ,WRL,World,2021-02-17,110323857.0,386361.0,2526969.0,11353.0
246263,WRL ,WRL,World,2020-03-08,109997.0,3798.0,3815.0,242.0
246608,WRL ,WRL,World,2021-02-16,109937496.0,359795.0,2515616.0,11099.0
246607,WRL ,WRL,World,2021-02-15,109577701.0,280808.0,2504517.0,7818.0
246606,WRL ,WRL,World,2021-02-14,109296893.0,308631.0,2496699.0,7105.0
246605,WRL ,WRL,World,2021-02-13,108988262.0,380482.0,2489594.0,10684.0
246379,WRL ,WRL,World,2020-07-02,10894769.0,204961.0,562933.0,5507.0
246604,WRL ,WRL,World,2021-02-12,108607780.0,429574.0,2478910.0,12884.0
246603,WRL ,WRL,World,2021-02-11,108178206.0,443770.0,2466026.0,13874.0
246602,WRL ,WRL,World,2021-02-10,107734436.0,440455.0,2452152.0,13859.0
246601,WRL ,WRL,World,2021-02-09,107293981.0,407259.0,2438293.0,14737.0
246378,WRL ,WRL,World,2020-07-01,10689808.0,215131.0,557426.0,5341.0
246600,WRL ,WRL,World,2021-02-08,106886722.0,339900.0,2423556.0,9648.0
246599,WRL ,WRL,World,2021-02-07,106546823.0,351520.0,2413995.0,7767.0
246262,WRL ,WRL,World,2020-03-07,106199.0,4137.0,3573.0,104.0
246598,WRL ,WRL,World,2021-02-06,106195303.0,435193.0,2406228.0,11857.0
246597,WRL ,WRL,World,2021-02-05,105760110.0,536471.0,2394371.0,17185.0
246596,WRL ,WRL,World,2021-02-04,105223639.0,471746.0,2377186.0,12928.0
246595,WRL ,WRL,World,2021-02-03,104751893.0,525269.0,2364258.0,15867.0
246377,WRL ,WRL,World,2020-06-30,10474677.0,183754.0,552085.0,5250.0
246594,WRL ,WRL,World,2021-02-02,104226624.0,465407.0,2348391.0,14852.0
246288,WRL ,WRL,World,2020-04-02,1037993.0,82414.0,60101.0,6242.0
246593,WRL ,WRL,World,2021-02-01,103761217.0,442940.0,2333539.0,10250.0
246592,WRL ,WRL,World,2021-01-31,103318277.0,396545.0,2323289.0,9547.0
246591,WRL ,WRL,World,2021-01-30,102921732.0,514826.0,2313742.0,13324.0
246376,WRL ,WRL,World,2020-06-29,10290923.0,152714.0,546835.0,4074.0
246590,WRL ,WRL,World,2021-01-29,102406906.0,588969.0,2300418.0,15731.0
246261,WRL ,WRL,World,2020-03-06,102062.0,3984.0,3469.0,114.0
246589,WRL ,WRL,World,2021-01-28,101817939.0,615117.0,2284687.0,16567.0
246375,WRL ,WRL,World,2020-06-28,10138209.0,168862.0,542761.0,3619.0
246588,WRL ,WRL,World,2021-01-27,101202822.0,600990.0,2268120.0,16920.0
246587,WRL ,WRL,World,2021-01-26,100601832.0,561267.0,2251200.0,17415.0
246586,WRL ,WRL,World,2021-01-25,100040565.0,481524.0,2233819.0,11142.0
